Producator,Model,Arhitectura,Frecventa_MHz,Flash_KB,RAM_KB,EEPROM_KB,Magistrale,Pret_USD,Consum_W,IO_Pins,Tensiune_V,Pachet,An_Lansare,Aplicatie
Infineon,INF-MCU05004,AVR 8-bit,168,128,64,4.0,"Ethernet, SPI, PWM",3.87,0.598,95,1.8,QFN,2009,Automotive
Infineon,INF-MCU05012,ARM Cortex-M4,72,256,1,1.0,"Ethernet, SPI",8.92,1.234,72,5.0,SOIC,2012,Automotive
Analog Devices,ANA-MCU05018,ARM Cortex-M0,48,1024,64,0.0,"I2C, USB, PWM, Ethernet, SPI",5.6,0.986,12,5.0,LQFP,2011,Automotive
STMicroelectronics,STM-MCU05019,ARM Cortex-M7,16,1024,256,1.0,"UART, USB",10.56,1.366,59,1.8,BGA,2023,Automotive
STMicroelectronics,STM-MCU05020,RISC-V,200,64,16,8.0,"USB, Ethernet, I2C, SPI, UART",8.97,0.87,69,3.3,TSSOP,2007,Automotive
Microchip,MIC-MCU05041,MIPS32,16,128,64,2.0,"USB, I2C, SPI",5.59,0.142,55,2.5,LQFP,2022,Automotive
Silicon Labs,SIL-MCU05064,RISC-V,72,2048,8,1.0,"USB, UART, CAN, Ethernet",10.23,0.216,52,5.0,BGA,2022,Automotive
STMicroelectronics,STM-MCU05065,ARM Cortex-M4,120,64,2,0.5,"SPI, Ethernet, I2C, CAN",9.56,0.322,82,3.3,QFN,2005,Automotive
NXP,NXP-MCU05068,ARM Cortex-M4,480,512,512,2.0,"Ethernet, CAN, SPI, USB, PWM",8.67,1.456,86,2.5,DIP,2007,Automotive
Espressif,ESP-MCU05073,ARM Cortex-M4,8,256,4,2.0,"USB, Ethernet, UART, PWM",11.19,0.446,41,1.8,TSSOP,2019,Automotive
Microchip,MIC-MCU05077,AVR 8-bit,200,128,64,8.0,"PWM, UART, I2C, SPI, USB",9.6,0.648,78,3.3,DIP,2012,Automotive
STMicroelectronics,STM-MCU05082,AVR 8-bit,16,256,8,2.0,"Ethernet, SPI, USB, UART, PWM",10.28,0.294,45,5.0,QFN,2013,Automotive
Texas Instruments,TEX-MCU05083,ARM Cortex-M4,8,2048,8,2.0,"CAN, I2C",3.1,0.087,61,1.8,TSSOP,2006,Automotive
Analog Devices,ANA-MCU05085,8051,16,2048,1,4.0,"USB, I2C",10.76,0.974,13,2.5,QFN,2009,Automotive
Infineon,INF-MCU05089,ARM Cortex-M4,48,2048,64,1.0,"USB, CAN, Ethernet, PWM, I2C",3.19,0.853,80,3.3,QFN,2007,Automotive
Renesas,REN-MCU05091,ARM Cortex-M4,8,128,32,0.0,"I2C, SPI, UART, Ethernet",3.57,0.738,26,5.0,SOIC,2023,Automotive
Renesas,REN-MCU05102,AVR 8-bit,168,16,32,2.0,"PWM, CAN, I2C, USB, UART",5.36,0.059,90,1.8,QFN,2024,Automotive
Nordic Semiconductor,NOR-MCU05104,8051,16,32,64,0.5,"CAN, Ethernet, I2C, UART, SPI",1.84,0.489,41,2.5,QFN,2011,Automotive
Renesas,REN-MCU05107,ARM Cortex-M4,72,64,16,0.0,"PWM, CAN, UART",6.18,0.573,62,3.3,QFN,2022,Automotive
NXP,NXP-MCU05108,ARM Cortex-M4,48,256,16,0.5,"USB, CAN, SPI",9.86,1.261,29,2.5,TSSOP,2013,Automotive
Renesas,REN-MCU05126,ARM Cortex-M7,200,1024,16,0.5,"UART, SPI, Ethernet, PWM",9.16,0.778,13,5.0,BGA,2006,Automotive
Nordic Semiconductor,NOR-MCU05136,RISC-V,168,16,32,4.0,"UART, CAN, SPI, USB",7.39,0.957,98,2.5,LQFP,2022,Automotive
Renesas,REN-MCU05139,ARM Cortex-M7,32,16,32,4.0,"CAN, I2C, Ethernet",8.56,0.361,71,2.5,TSSOP,2016,Automotive
Espressif,ESP-MCU05141,ARM Cortex-M0,72,2048,2,0.0,"CAN, SPI, I2C",6.17,0.513,89,5.0,TSSOP,2005,Automotive
Infineon,INF-MCU05154,8051,240,2048,128,0.0,"SPI, Ethernet, USB",8.14,0.452,47,1.8,QFN,2017,Automotive
Espressif,ESP-MCU05172,RISC-V,16,256,16,0.0,"PWM, Ethernet",3.5,1.013,21,5.0,TSSOP,2012,Automotive
Texas Instruments,TEX-MCU05176,ARM Cortex-M3,240,512,128,8.0,"Ethernet, SPI, UART, CAN",11.57,1.02,32,5.0,BGA,2012,Automotive
Renesas,REN-MCU05191,ARM Cortex-M0,48,1024,512,0.5,"CAN, UART, SPI, Ethernet, USB",9.28,1.187,85,3.3,LQFP,2010,Automotive
Espressif,ESP-MCU05204,ARM Cortex-M7,8,2048,1,0.5,"USB, UART, I2C",6.38,1.378,84,5.0,SOIC,2018,Automotive
Infineon,INF-MCU05208,AVR 8-bit,120,32,32,4.0,"I2C, UART, Ethernet, SPI",9.81,1.206,98,3.3,QFN,2020,Automotive
NXP,NXP-MCU05215,ARM Cortex-M7,120,128,256,4.0,"SPI, CAN",5.32,0.815,21,2.5,LQFP,2019,Automotive
Analog Devices,ANA-MCU05216,ARM Cortex-M3,16,64,256,8.0,"USB, UART, SPI",6.51,0.696,28,5.0,LQFP,2013,Automotive
Microchip,MIC-MCU05229,ARM Cortex-M4,16,2048,32,2.0,"Ethernet, PWM, CAN, USB, SPI",4.19,1.332,17,1.8,QFN,2011,Automotive
Renesas,REN-MCU05232,ARM Cortex-M3,200,32,32,4.0,"UART, CAN, USB, Ethernet, SPI",0.82,1.211,31,1.8,SOIC,2010,Automotive
Espressif,ESP-MCU05233,ARM Cortex-M3,200,256,16,1.0,"SPI, CAN",5.89,0.988,52,5.0,QFN,2010,Automotive
STMicroelectronics,STM-MCU05245,ARM Cortex-M7,8,128,128,4.0,"USB, CAN, Ethernet, PWM, SPI",0.95,1.445,35,3.3,SOIC,2023,Automotive
Analog Devices,ANA-MCU05250,ARM Cortex-M7,72,2048,8,1.0,"I2C, CAN",10.95,1.495,85,1.8,SOIC,2015,Automotive
Infineon,INF-MCU05254,8051,16,16,64,1.0,"Ethernet, UART, SPI, PWM",9.95,1.16,91,1.8,TSSOP,2016,Automotive
STMicroelectronics,STM-MCU05260,AVR 8-bit,48,128,2,1.0,"I2C, PWM",4.39,0.55,78,5.0,BGA,2021,Automotive
Analog Devices,ANA-MCU05273,ARM Cortex-M3,8,256,16,0.0,"USB, SPI, UART, PWM",7.26,0.779,76,1.8,LQFP,2008,Automotive
Texas Instruments,TEX-MCU05301,ARM Cortex-M4,200,512,64,8.0,"USB, UART, I2C, Ethernet, PWM",6.17,0.038,40,3.3,TSSOP,2014,Automotive
Microchip,MIC-MCU05302,ARM Cortex-M3,32,64,64,2.0,"PWM, Ethernet, CAN",3.36,0.929,80,3.3,LQFP,2010,Automotive
NXP,NXP-MCU05313,8051,72,64,4,8.0,"UART, CAN",9.38,0.102,24,3.3,DIP,2012,Automotive
Analog Devices,ANA-MCU05315,ARM Cortex-M4,48,64,128,0.0,"PWM, CAN, UART, Ethernet",9.49,0.504,57,3.3,BGA,2019,Automotive
STMicroelectronics,STM-MCU05316,ARM Cortex-M7,16,16,512,2.0,"CAN, USB",8.59,1.328,29,1.8,LQFP,2020,Automotive
Renesas,REN-MCU05322,MIPS32,72,512,128,0.0,"I2C, Ethernet, CAN",9.3,0.023,37,1.8,SOIC,2013,Automotive
NXP,NXP-MCU05329,ARM Cortex-M7,120,128,256,2.0,"I2C, SPI, Ethernet, PWM",9.58,0.562,16,5.0,BGA,2017,Automotive
Infineon,INF-MCU05333,ARM Cortex-M0,200,64,64,0.5,"USB, UART, I2C, CAN",4.25,0.78,62,3.3,DIP,2014,Automotive
Texas Instruments,TEX-MCU05338,8051,16,2048,2,1.0,"CAN, I2C",3.34,1.198,9,3.3,LQFP,2019,Automotive
STMicroelectronics,STM-MCU05339,ARM Cortex-M0,200,128,128,0.5,"I2C, USB, CAN, SPI, UART",2.87,0.521,52,3.3,BGA,2023,Automotive
Espressif,ESP-MCU05343,MIPS32,168,32,512,0.5,"CAN, USB",4.85,0.857,12,3.3,QFN,2012,Automotive
Texas Instruments,TEX-MCU05344,AVR 8-bit,32,2048,512,4.0,"CAN, SPI, Ethernet, PWM, I2C",5.77,0.534,65,2.5,DIP,2014,Automotive
Nordic Semiconductor,NOR-MCU05345,RISC-V,48,1024,2,1.0,"USB, PWM, SPI",2.31,0.597,57,1.8,DIP,2023,Automotive
Infineon,INF-MCU05349,RISC-V,16,32,128,2.0,"Ethernet, CAN, SPI, PWM",7.28,1.39,96,1.8,SOIC,2020,Automotive
NXP,NXP-MCU05358,ARM Cortex-M4,8,1024,256,1.0,"Ethernet, UART, PWM",4.22,1.083,53,5.0,TSSOP,2021,Automotive
Silicon Labs,SIL-MCU05359,AVR 8-bit,16,256,2,4.0,"USB, SPI",3.78,0.827,76,1.8,DIP,2015,Automotive
Texas Instruments,TEX-MCU05360,ARM Cortex-M3,48,16,32,0.5,"PWM, USB, I2C",1.28,0.531,33,2.5,TSSOP,2007,Automotive
STMicroelectronics,STM-MCU05366,ARM Cortex-M7,8,32,256,0.5,"UART, Ethernet",1.49,1.004,94,2.5,DIP,2005,Automotive
Analog Devices,ANA-MCU05371,AVR 8-bit,240,256,4,1.0,"USB, PWM, UART, SPI, Ethernet",11.03,0.735,85,2.5,TSSOP,2011,Automotive
Silicon Labs,SIL-MCU05382,ARM Cortex-M0,48,16,32,4.0,"Ethernet, PWM",4.88,0.803,69,5.0,TSSOP,2019,Automotive
Microchip,MIC-MCU05383,8051,16,16,32,1.0,"I2C, SPI",4.28,0.769,88,1.8,LQFP,2024,Automotive
Renesas,REN-MCU05393,ARM Cortex-M4,72,512,1,4.0,"Ethernet, PWM",3.74,1.049,76,1.8,LQFP,2012,Automotive
NXP,NXP-MCU05395,MIPS32,168,1024,4,8.0,"USB, Ethernet, SPI",8.36,0.351,8,5.0,DIP,2008,Automotive
Microchip,MIC-MCU05399,ARM Cortex-M4,120,64,128,0.5,"PWM, UART, SPI, USB, Ethernet",2.71,0.581,85,5.0,QFN,2013,Automotive
Renesas,REN-MCU05400,AVR 8-bit,48,512,32,0.0,"PWM, SPI, UART, Ethernet, I2C",10.02,0.47,89,5.0,LQFP,2015,Automotive
Nordic Semiconductor,NOR-MCU05408,AVR 8-bit,120,128,4,2.0,"CAN, SPI, Ethernet, UART",10.95,0.528,20,5.0,TSSOP,2008,Automotive
STMicroelectronics,STM-MCU05409,MIPS32,480,64,128,0.5,"CAN, SPI, I2C",2.26,0.841,57,5.0,LQFP,2017,Automotive
Microchip,MIC-MCU05410,MIPS32,120,64,32,4.0,"SPI, PWM, USB",9.64,0.227,78,1.8,DIP,2019,Automotive
Renesas,REN-MCU05418,ARM Cortex-M4,480,2048,32,4.0,"I2C, SPI, Ethernet, PWM",4.11,0.789,46,3.3,LQFP,2007,Automotive
NXP,NXP-MCU05421,RISC-V,200,512,4,2.0,"I2C, PWM, USB, CAN, SPI",8.02,1.422,71,3.3,DIP,2024,Automotive
Infineon,INF-MCU05423,AVR 8-bit,16,16,1,2.0,"SPI, CAN, UART, I2C, USB",6.92,0.071,9,2.5,DIP,2018,Automotive
Renesas,REN-MCU05425,AVR 8-bit,480,512,16,2.0,"Ethernet, SPI, USB",1.29,1.168,58,5.0,DIP,2008,Automotive
Analog Devices,ANA-MCU05429,ARM Cortex-M7,8,256,8,0.5,"SPI, Ethernet, I2C",10.78,0.669,29,5.0,LQFP,2020,Automotive
Silicon Labs,SIL-MCU05432,AVR 8-bit,8,32,32,4.0,"SPI, CAN, I2C",11.34,1.128,44,5.0,SOIC,2017,Automotive
Espressif,ESP-MCU05437,ARM Cortex-M3,72,256,512,0.5,"I2C, SPI",1.32,1.138,21,1.8,QFN,2016,Automotive
Texas Instruments,TEX-MCU05443,ARM Cortex-M0,72,2048,32,8.0,"PWM, USB, I2C",2.68,0.876,96,5.0,QFN,2010,Automotive
Analog Devices,ANA-MCU05447,ARM Cortex-M4,16,128,16,2.0,"Ethernet, CAN, SPI, PWM, UART",6.89,1.418,26,5.0,TSSOP,2012,Automotive
STMicroelectronics,STM-MCU05448,RISC-V,240,256,64,8.0,"USB, PWM",7.96,0.779,70,3.3,DIP,2018,Automotive
Microchip,MIC-MCU05453,ARM Cortex-M3,200,256,512,1.0,"CAN, SPI, I2C",6.49,1.183,98,1.8,SOIC,2007,Automotive
NXP,NXP-MCU05455,ARM Cortex-M7,48,64,16,1.0,"USB, Ethernet, SPI",2.3,0.564,24,1.8,TSSOP,2007,Automotive
NXP,NXP-MCU05456,AVR 8-bit,8,2048,64,8.0,"PWM, SPI, UART, CAN, USB",3.54,0.699,27,1.8,BGA,2013,Automotive
NXP,NXP-MCU05461,MIPS32,72,32,256,8.0,"CAN, PWM",8.97,1.04,44,1.8,DIP,2013,Automotive
STMicroelectronics,STM-MCU05475,ARM Cortex-M3,72,512,2,2.0,"Ethernet, SPI",3.3,1.475,13,2.5,TSSOP,2005,Automotive
Analog Devices,ANA-MCU05479,RISC-V,16,2048,64,2.0,"PWM, I2C, CAN, Ethernet",7.48,1.344,88,3.3,TSSOP,2010,Automotive
NXP,NXP-MCU05486,RISC-V,48,1024,2,0.0,"PWM, I2C, USB, Ethernet",3.39,0.085,43,5.0,TSSOP,2021,Automotive
Renesas,REN-MCU05488,AVR 8-bit,48,16,256,0.0,"PWM, USB, UART",10.26,0.662,51,5.0,BGA,2018,Automotive
Infineon,INF-MCU05489,MIPS32,72,128,512,8.0,"UART, PWM, SPI, Ethernet",11.18,0.651,32,1.8,BGA,2007,Automotive
Renesas,REN-MCU05493,RISC-V,16,256,4,1.0,"PWM, USB, CAN",1.11,0.881,90,2.5,TSSOP,2020,Automotive
Nordic Semiconductor,NOR-MCU05496,ARM Cortex-M0,120,2048,8,1.0,"PWM, Ethernet, USB, I2C, CAN",2.0,1.109,40,2.5,QFN,2016,Automotive
Nordic Semiconductor,NOR-MCU05500,MIPS32,32,512,32,2.0,"USB, SPI, I2C",7.07,0.78,15,2.5,QFN,2008,Automotive
Texas Instruments,TEX-MCU05503,8051,8,2048,1,8.0,"PWM, UART, CAN, SPI, I2C",11.98,0.124,95,3.3,QFN,2008,Automotive
Silicon Labs,SIL-MCU05514,AVR 8-bit,32,256,128,8.0,"SPI, I2C, Ethernet",4.15,0.283,89,2.5,DIP,2024,Automotive
Espressif,ESP-MCU05516,ARM Cortex-M4,8,64,8,2.0,"USB, SPI, CAN, Ethernet, UART",1.6,0.986,29,1.8,BGA,2024,Automotive
Analog Devices,ANA-MCU05526,ARM Cortex-M4,200,16,64,4.0,"Ethernet, I2C, USB, PWM, SPI",7.61,0.563,57,5.0,DIP,2005,Automotive
Nordic Semiconductor,NOR-MCU05534,ARM Cortex-M7,120,256,1,8.0,"UART, CAN",8.26,0.056,12,5.0,TSSOP,2008,Automotive
Microchip,MIC-MCU05535,8051,48,32,16,4.0,"UART, CAN, Ethernet, SPI, USB",4.74,0.44,89,1.8,LQFP,2013,Automotive
STMicroelectronics,STM-MCU05540,AVR 8-bit,72,512,1,2.0,"USB, SPI, I2C, Ethernet",9.61,1.428,26,1.8,QFN,2018,Automotive
STMicroelectronics,STM-MCU05545,ARM Cortex-M4,8,16,512,0.0,"PWM, CAN, Ethernet, UART, USB",9.73,1.406,21,2.5,LQFP,2023,Automotive
NXP,NXP-MCU05550,8051,16,16,512,1.0,"USB, I2C",6.83,0.2,40,5.0,DIP,2015,Automotive
Espressif,ESP-MCU05563,ARM Cortex-M4,72,512,128,0.5,"CAN, SPI",5.2,1.475,47,1.8,TSSOP,2022,Automotive
Analog Devices,ANA-MCU05572,ARM Cortex-M7,32,2048,4,1.0,"USB, PWM, I2C, Ethernet",3.24,0.443,51,5.0,DIP,2007,Automotive
Silicon Labs,SIL-MCU05573,ARM Cortex-M4,200,512,64,4.0,"SPI, Ethernet, CAN",3.63,1.364,53,1.8,BGA,2006,Automotive
Silicon Labs,SIL-MCU05596,RISC-V,8,64,256,0.5,"PWM, CAN",3.59,0.707,62,1.8,TSSOP,2018,Automotive
Analog Devices,ANA-MCU05599,8051,120,128,16,1.0,"Ethernet, CAN, PWM",4.22,1.477,39,2.5,BGA,2005,Automotive
Microchip,MIC-MCU05618,AVR 8-bit,72,64,2,4.0,"SPI, Ethernet",8.67,0.59,58,1.8,QFN,2024,Automotive
Microchip,MIC-MCU05621,ARM Cortex-M7,480,16,16,8.0,"UART, CAN",10.43,1.477,45,5.0,LQFP,2020,Automotive
Silicon Labs,SIL-MCU05634,ARM Cortex-M0,8,2048,1,0.0,"CAN, USB, UART, Ethernet, I2C",6.56,1.242,70,5.0,DIP,2006,Automotive
NXP,NXP-MCU05635,8051,480,64,2,0.0,"PWM, Ethernet, USB, UART, I2C",5.97,1.498,87,1.8,LQFP,2022,Automotive
STMicroelectronics,STM-MCU05637,MIPS32,72,2048,256,2.0,"USB, UART, PWM, CAN, Ethernet",5.41,0.884,20,1.8,DIP,2010,Automotive
STMicroelectronics,STM-MCU05639,RISC-V,16,2048,32,8.0,"CAN, SPI, UART",9.05,1.163,85,5.0,TSSOP,2024,Automotive
Microchip,MIC-MCU05642,ARM Cortex-M7,16,256,1,4.0,"CAN, PWM",1.56,0.978,80,1.8,QFN,2022,Automotive
Renesas,REN-MCU05647,ARM Cortex-M7,240,16,128,4.0,"USB, SPI, UART",10.48,0.607,70,3.3,TSSOP,2017,Automotive
Texas Instruments,TEX-MCU05654,ARM Cortex-M3,48,128,1,0.5,"SPI, Ethernet, CAN, I2C, PWM",10.32,0.914,99,5.0,SOIC,2020,Automotive
Nordic Semiconductor,NOR-MCU05656,8051,168,32,1,0.5,"USB, UART, I2C, CAN",6.1,1.407,85,2.5,LQFP,2010,Automotive
Renesas,REN-MCU05660,MIPS32,168,128,1,0.0,"I2C, USB, PWM",3.67,0.882,26,5.0,SOIC,2008,Automotive
Texas Instruments,TEX-MCU05664,8051,168,256,2,2.0,"PWM, I2C, CAN",1.04,0.559,29,2.5,BGA,2018,Automotive
NXP,NXP-MCU05667,ARM Cortex-M7,16,128,32,2.0,"Ethernet, PWM",2.5,0.339,89,3.3,LQFP,2024,Automotive
Analog Devices,ANA-MCU05669,ARM Cortex-M0,32,128,512,0.5,"Ethernet, SPI",1.97,0.655,74,2.5,TSSOP,2011,Automotive
Silicon Labs,SIL-MCU05671,ARM Cortex-M0,168,1024,128,0.5,"PWM, UART, USB",2.54,0.59,64,3.3,QFN,2022,Automotive
Espressif,ESP-MCU05677,ARM Cortex-M0,16,256,64,0.0,"I2C, SPI, Ethernet, USB, CAN",8.14,0.013,40,2.5,QFN,2012,Automotive
Texas Instruments,TEX-MCU05681,ARM Cortex-M0,200,32,256,0.5,"Ethernet, I2C, CAN, SPI",5.68,0.33,40,5.0,QFN,2009,Automotive
Espressif,ESP-MCU05685,RISC-V,200,2048,512,1.0,"UART, I2C",2.33,0.392,65,5.0,LQFP,2007,Automotive
STMicroelectronics,STM-MCU05689,ARM Cortex-M7,120,32,16,4.0,"Ethernet, I2C, SPI, CAN, USB",3.15,0.868,99,5.0,DIP,2024,Automotive
Analog Devices,ANA-MCU05697,MIPS32,32,128,512,8.0,"I2C, USB, SPI, Ethernet, PWM",4.51,1.126,68,3.3,QFN,2018,Automotive
Nordic Semiconductor,NOR-MCU05732,ARM Cortex-M7,200,16,8,0.0,"I2C, SPI",9.64,1.291,58,2.5,QFN,2009,Automotive
NXP,NXP-MCU05733,MIPS32,168,128,64,2.0,"PWM, CAN",2.96,0.514,28,5.0,SOIC,2017,Automotive
Nordic Semiconductor,NOR-MCU05734,ARM Cortex-M7,72,512,8,8.0,"Ethernet, UART, CAN",4.97,0.381,51,5.0,QFN,2006,Automotive
Texas Instruments,TEX-MCU05740,ARM Cortex-M0,120,2048,1,4.0,"UART, PWM, CAN, I2C",4.96,0.963,87,2.5,LQFP,2007,Automotive
Texas Instruments,TEX-MCU05753,ARM Cortex-M0,200,256,16,2.0,"I2C, Ethernet, PWM, UART, USB",7.26,1.49,51,1.8,QFN,2009,Automotive
Espressif,ESP-MCU05761,ARM Cortex-M3,240,16,32,4.0,"Ethernet, USB",2.27,1.353,84,3.3,TSSOP,2006,Automotive
Espressif,ESP-MCU05765,MIPS32,480,2048,256,1.0,"UART, SPI",3.95,0.064,86,2.5,TSSOP,2015,Automotive
Espressif,ESP-MCU05774,8051,72,32,8,0.5,"Ethernet, CAN, SPI",9.85,0.433,46,1.8,BGA,2009,Automotive
Infineon,INF-MCU05776,ARM Cortex-M7,240,32,1,1.0,"SPI, Ethernet, USB, CAN",8.26,0.264,92,3.3,TSSOP,2018,Automotive
Microchip,MIC-MCU05782,AVR 8-bit,240,128,32,1.0,"USB, PWM",7.29,1.175,34,5.0,SOIC,2008,Automotive
STMicroelectronics,STM-MCU05784,ARM Cortex-M0,240,256,16,1.0,"PWM, Ethernet",6.37,0.189,6,1.8,TSSOP,2014,Automotive
Infineon,INF-MCU05788,ARM Cortex-M4,168,16,2,8.0,"USB, I2C",1.79,0.602,62,3.3,LQFP,2012,Automotive
STMicroelectronics,STM-MCU05792,ARM Cortex-M0,200,512,128,0.5,"Ethernet, USB",9.45,0.787,64,3.3,SOIC,2013,Automotive
Nordic Semiconductor,NOR-MCU05799,RISC-V,48,2048,1,2.0,"UART, I2C, CAN, USB, SPI",3.15,0.662,85,1.8,TSSOP,2017,Automotive
Microchip,MIC-MCU05800,RISC-V,120,64,2,0.5,"USB, PWM, UART, Ethernet",9.41,0.441,80,1.8,TSSOP,2023,Automotive
STMicroelectronics,STM-MCU05808,ARM Cortex-M4,32,16,2,1.0,"CAN, PWM, UART",8.51,0.533,97,2.5,DIP,2008,Automotive
Espressif,ESP-MCU05813,ARM Cortex-M0,8,256,8,0.0,"Ethernet, I2C, PWM, CAN",4.9,0.98,39,5.0,QFN,2006,Automotive
STMicroelectronics,STM-MCU05817,ARM Cortex-M7,16,2048,128,1.0,"USB, UART",5.56,0.971,50,1.8,DIP,2023,Automotive
Espressif,ESP-MCU05819,ARM Cortex-M7,168,128,256,2.0,"Ethernet, UART, PWM",4.25,1.418,25,3.3,QFN,2022,Automotive
Texas Instruments,TEX-MCU05821,ARM Cortex-M0,200,16,64,0.0,"UART, PWM",11.85,0.361,50,5.0,QFN,2011,Automotive
Texas Instruments,TEX-MCU05825,MIPS32,8,2048,2,1.0,"I2C, UART, USB, CAN",5.35,0.879,77,3.3,SOIC,2023,Automotive
Microchip,MIC-MCU05828,RISC-V,240,256,1,8.0,"UART, USB, I2C, Ethernet, CAN",6.87,0.046,90,1.8,QFN,2020,Automotive
Renesas,REN-MCU05835,MIPS32,48,128,512,4.0,"I2C, UART, Ethernet, USB",1.53,0.916,75,5.0,LQFP,2017,Automotive
Renesas,REN-MCU05836,ARM Cortex-M4,16,32,16,0.5,"CAN, USB",2.04,1.295,26,1.8,LQFP,2011,Automotive
Nordic Semiconductor,NOR-MCU05837,8051,240,512,512,0.0,"PWM, I2C, USB",11.91,1.358,51,1.8,QFN,2019,Automotive
Microchip,MIC-MCU05845,ARM Cortex-M3,72,256,4,4.0,"PWM, SPI",4.07,0.013,86,1.8,QFN,2018,Automotive
STMicroelectronics,STM-MCU05859,8051,8,128,256,1.0,"SPI, PWM, Ethernet, CAN, I2C",10.29,0.53,43,2.5,DIP,2007,Automotive
Infineon,INF-MCU05862,MIPS32,32,1024,512,2.0,"CAN, I2C, USB, PWM",9.93,0.136,57,5.0,LQFP,2014,Automotive
Silicon Labs,SIL-MCU05865,AVR 8-bit,16,256,256,4.0,"I2C, CAN, PWM, UART",9.62,0.633,61,1.8,DIP,2021,Automotive
Texas Instruments,TEX-MCU05868,ARM Cortex-M7,480,1024,32,2.0,"SPI, UART",2.11,0.647,88,2.5,QFN,2010,Automotive
NXP,NXP-MCU05872,ARM Cortex-M4,32,512,64,4.0,"USB, CAN, UART, PWM",4.14,0.033,52,3.3,SOIC,2013,Automotive
Microchip,MIC-MCU05876,RISC-V,32,32,8,4.0,"PWM, Ethernet, SPI, I2C",0.8,0.056,37,5.0,DIP,2021,Automotive
Nordic Semiconductor,NOR-MCU05879,8051,168,64,2,1.0,"Ethernet, CAN, I2C, USB",2.91,0.571,69,2.5,LQFP,2007,Automotive
Nordic Semiconductor,NOR-MCU05884,ARM Cortex-M4,120,256,256,2.0,"PWM, I2C, USB, CAN",4.23,0.788,62,1.8,LQFP,2011,Automotive
STMicroelectronics,STM-MCU05886,8051,48,256,4,4.0,"CAN, USB, UART",4.57,0.393,27,3.3,QFN,2021,Automotive
Infineon,INF-MCU05890,ARM Cortex-M0,48,256,64,0.5,"USB, UART, CAN, SPI, Ethernet",11.12,0.077,84,1.8,BGA,2023,Automotive
Renesas,REN-MCU05893,AVR 8-bit,16,1024,8,2.0,"I2C, UART",6.38,0.692,91,3.3,TSSOP,2019,Automotive
Infineon,INF-MCU05898,RISC-V,16,16,8,1.0,"I2C, Ethernet",8.29,1.181,12,2.5,TSSOP,2024,Automotive
Espressif,ESP-MCU05899,ARM Cortex-M7,480,16,4,4.0,"Ethernet, USB, CAN, SPI, PWM",7.8,1.394,31,5.0,SOIC,2008,Automotive
Silicon Labs,SIL-MCU05938,8051,48,16,16,4.0,"SPI, CAN, PWM, I2C, USB",9.23,0.68,47,1.8,DIP,2007,Automotive
Infineon,INF-MCU05940,ARM Cortex-M3,120,2048,4,1.0,"I2C, SPI, USB, Ethernet",11.73,0.851,99,3.3,LQFP,2009,Automotive
Espressif,ESP-MCU05957,ARM Cortex-M3,240,256,8,0.0,"CAN, SPI, I2C, USB, Ethernet",7.62,0.222,97,3.3,SOIC,2007,Automotive
Espressif,ESP-MCU05965,ARM Cortex-M3,120,16,64,4.0,"SPI, USB",11.38,1.154,87,3.3,LQFP,2009,Automotive
Infineon,INF-MCU05968,ARM Cortex-M7,16,32,64,1.0,"USB, CAN, PWM, I2C",4.0,0.564,50,2.5,LQFP,2012,Automotive
Silicon Labs,SIL-MCU05974,AVR 8-bit,240,1024,512,1.0,"Ethernet, CAN",10.68,0.219,64,1.8,TSSOP,2011,Automotive
Nordic Semiconductor,NOR-MCU05976,ARM Cortex-M3,200,16,1,4.0,"PWM, CAN, Ethernet, UART, SPI",9.2,0.741,36,3.3,TSSOP,2022,Automotive
Renesas,REN-MCU05980,ARM Cortex-M0,16,32,16,4.0,"UART, Ethernet, PWM, USB, SPI",0.65,0.776,75,2.5,QFN,2019,Automotive
Microchip,MIC-MCU05984,AVR 8-bit,240,512,1,0.0,"I2C, UART",11.99,0.885,10,3.3,TSSOP,2010,Automotive
Analog Devices,ANA-MCU06006,RISC-V,32,256,64,0.0,"UART, USB, Ethernet",6.13,0.94,42,5.0,QFN,2010,Automotive
STMicroelectronics,STM-MCU06011,MIPS32,240,1024,256,4.0,"CAN, SPI, Ethernet, I2C",2.04,0.247,17,5.0,DIP,2008,Automotive
Nordic Semiconductor,NOR-MCU06019,ARM Cortex-M3,8,32,2,4.0,"USB, PWM, UART",7.99,0.064,76,1.8,QFN,2008,Automotive
STMicroelectronics,STM-MCU06030,MIPS32,16,64,64,4.0,"PWM, USB",10.14,0.248,95,5.0,QFN,2020,Automotive
Microchip,MIC-MCU06032,AVR 8-bit,240,32,256,0.0,"SPI, USB, I2C",1.21,1.039,96,1.8,SOIC,2005,Automotive
Nordic Semiconductor,NOR-MCU06033,ARM Cortex-M0,200,512,256,1.0,"USB, UART, PWM",7.49,0.798,43,1.8,SOIC,2021,Automotive
Infineon,INF-MCU06043,8051,8,128,8,1.0,"Ethernet, UART, SPI, I2C, PWM",0.85,0.151,99,2.5,BGA,2012,Automotive
Analog Devices,ANA-MCU06046,8051,16,1024,128,0.0,"SPI, Ethernet, USB, I2C",5.72,0.844,59,2.5,BGA,2022,Automotive
Espressif,ESP-MCU06061,MIPS32,72,64,2,0.5,"UART, PWM, USB",0.76,1.062,12,5.0,SOIC,2005,Automotive
Nordic Semiconductor,NOR-MCU06064,8051,32,16,128,0.5,"USB, SPI, Ethernet, I2C",8.32,0.497,53,1.8,QFN,2007,Automotive
Texas Instruments,TEX-MCU06072,ARM Cortex-M7,72,16,1,0.0,"UART, USB",4.23,0.218,27,5.0,TSSOP,2019,Automotive
Renesas,REN-MCU06079,ARM Cortex-M3,48,512,16,8.0,"Ethernet, SPI, I2C, PWM, UART",3.92,0.177,43,2.5,LQFP,2012,Automotive
Nordic Semiconductor,NOR-MCU06083,ARM Cortex-M3,120,32,16,0.0,"Ethernet, USB, SPI",10.91,1.333,56,3.3,DIP,2016,Automotive
Analog Devices,ANA-MCU06089,RISC-V,200,2048,4,4.0,"SPI, UART, CAN",6.38,0.459,81,2.5,SOIC,2013,Automotive
Microchip,MIC-MCU06091,ARM Cortex-M0,8,32,16,8.0,"PWM, SPI, UART, I2C",11.41,0.587,36,3.3,TSSOP,2019,Automotive
Silicon Labs,SIL-MCU06093,AVR 8-bit,8,64,1,0.0,"UART, USB, PWM",8.83,0.482,70,1.8,BGA,2011,Automotive
NXP,NXP-MCU06098,AVR 8-bit,200,64,512,0.0,"PWM, USB, SPI, UART, CAN",7.66,0.089,6,3.3,BGA,2017,Automotive
Analog Devices,ANA-MCU06107,ARM Cortex-M0,120,64,128,1.0,"PWM, CAN, Ethernet, SPI",10.58,1.183,35,3.3,BGA,2020,Automotive
STMicroelectronics,STM-MCU06110,ARM Cortex-M7,168,16,1,8.0,"USB, UART, PWM",5.2,0.069,41,1.8,TSSOP,2020,Automotive
Nordic Semiconductor,NOR-MCU06111,ARM Cortex-M7,480,1024,512,2.0,"CAN, USB",1.25,1.113,27,1.8,LQFP,2008,Automotive
Texas Instruments,TEX-MCU06113,ARM Cortex-M4,8,16,8,1.0,"PWM, USB, Ethernet, I2C",9.8,0.906,47,2.5,BGA,2019,Automotive
Renesas,REN-MCU06116,ARM Cortex-M4,32,512,2,2.0,"UART, PWM, USB, SPI",8.73,0.088,64,5.0,QFN,2009,Automotive
Analog Devices,ANA-MCU06123,AVR 8-bit,480,64,8,1.0,"SPI, UART",10.0,1.479,31,1.8,TSSOP,2021,Automotive
Espressif,ESP-MCU06125,ARM Cortex-M7,48,2048,256,2.0,"Ethernet, UART, USB, CAN",1.79,1.283,44,2.5,QFN,2010,Automotive
Texas Instruments,TEX-MCU06140,ARM Cortex-M3,200,16,4,8.0,"UART, PWM, USB",11.42,1.311,69,5.0,BGA,2015,Automotive
Nordic Semiconductor,NOR-MCU06141,MIPS32,240,2048,128,8.0,"UART, PWM, USB",4.34,0.408,87,5.0,QFN,2021,Automotive
Espressif,ESP-MCU06145,ARM Cortex-M7,32,2048,1,2.0,"PWM, Ethernet, SPI, UART",11.32,1.185,17,5.0,SOIC,2024,Automotive
Silicon Labs,SIL-MCU06148,ARM Cortex-M4,168,16,256,4.0,"Ethernet, I2C, SPI, UART",7.92,1.045,87,2.5,LQFP,2011,Automotive
Espressif,ESP-MCU06154,RISC-V,8,2048,64,0.5,"UART, I2C, Ethernet, USB, CAN",2.55,0.403,72,2.5,DIP,2021,Automotive
Espressif,ESP-MCU06168,ARM Cortex-M3,8,16,32,0.0,"SPI, PWM, Ethernet, USB, I2C",8.3,0.171,48,2.5,DIP,2019,Automotive
Renesas,REN-MCU06172,ARM Cortex-M7,72,64,32,1.0,"CAN, SPI, USB, PWM",0.8,1.017,7,2.5,BGA,2008,Automotive
Espressif,ESP-MCU06175,ARM Cortex-M3,32,1024,64,1.0,"I2C, PWM",2.18,0.82,88,5.0,BGA,2013,Automotive
Analog Devices,ANA-MCU06179,8051,72,128,64,0.0,"Ethernet, SPI, PWM, CAN",5.33,0.661,20,1.8,QFN,2013,Automotive
Analog Devices,ANA-MCU06182,AVR 8-bit,8,64,4,0.0,"Ethernet, SPI, CAN",9.34,1.264,80,3.3,LQFP,2024,Automotive
NXP,NXP-MCU06185,AVR 8-bit,16,64,256,1.0,"I2C, PWM, UART",8.6,1.362,30,2.5,DIP,2011,Automotive
STMicroelectronics,STM-MCU06188,ARM Cortex-M0,8,128,2,1.0,"Ethernet, SPI",0.54,0.607,67,1.8,TSSOP,2017,Automotive
Microchip,MIC-MCU06195,ARM Cortex-M7,32,2048,8,1.0,"Ethernet, UART, USB, PWM, CAN",6.91,0.696,71,5.0,TSSOP,2014,Automotive
Analog Devices,ANA-MCU06209,8051,200,1024,4,0.5,"UART, SPI, Ethernet, I2C",5.22,0.368,34,2.5,DIP,2010,Automotive
Analog Devices,ANA-MCU06213,MIPS32,16,256,64,2.0,"USB, I2C, CAN, PWM, Ethernet",1.62,1.356,74,1.8,BGA,2022,Automotive
Espressif,ESP-MCU06215,ARM Cortex-M4,120,2048,2,2.0,"USB, CAN, UART, I2C, PWM",0.8,0.242,63,5.0,QFN,2006,Automotive
STMicroelectronics,STM-MCU06224,ARM Cortex-M4,48,16,64,8.0,"PWM, USB",6.5,0.788,47,5.0,DIP,2016,Automotive
Analog Devices,ANA-MCU06225,8051,32,16,1,4.0,"UART, PWM, SPI, CAN, I2C",3.54,0.596,8,2.5,DIP,2009,Automotive
Analog Devices,ANA-MCU06230,ARM Cortex-M3,16,1024,2,8.0,"USB, SPI, I2C, PWM",1.15,0.82,27,5.0,SOIC,2006,Automotive
Texas Instruments,TEX-MCU06236,AVR 8-bit,168,512,16,2.0,"I2C, UART, PWM, SPI, USB",2.79,1.189,40,1.8,DIP,2024,Automotive
Renesas,REN-MCU06239,RISC-V,168,2048,4,4.0,"Ethernet, UART",4.25,0.605,21,2.5,BGA,2009,Automotive
Texas Instruments,TEX-MCU06242,ARM Cortex-M7,48,128,64,8.0,"SPI, Ethernet, CAN, PWM, I2C",5.66,0.652,16,1.8,QFN,2023,Automotive
Renesas,REN-MCU06253,8051,240,2048,16,2.0,"USB, SPI, I2C, PWM, UART",11.09,0.837,46,3.3,QFN,2023,Automotive
STMicroelectronics,STM-MCU06258,ARM Cortex-M4,240,2048,512,8.0,"Ethernet, UART",0.53,0.923,14,1.8,BGA,2018,Automotive
Microchip,MIC-MCU06262,ARM Cortex-M4,120,16,512,0.0,"USB, PWM, Ethernet, UART",5.93,0.497,48,1.8,TSSOP,2012,Automotive
Renesas,REN-MCU06272,MIPS32,16,128,128,4.0,"CAN, Ethernet, UART, PWM",2.62,0.101,82,5.0,LQFP,2024,Automotive
Analog Devices,ANA-MCU06274,ARM Cortex-M3,16,256,1,8.0,"Ethernet, PWM, USB, UART",6.36,1.022,15,5.0,QFN,2011,Automotive
Analog Devices,ANA-MCU06282,MIPS32,8,1024,64,0.0,"USB, Ethernet, PWM",9.58,1.248,13,1.8,DIP,2009,Automotive
Texas Instruments,TEX-MCU06292,RISC-V,16,128,1,2.0,"I2C, PWM, Ethernet, CAN, SPI",5.0,0.974,8,5.0,BGA,2008,Automotive
Microchip,MIC-MCU06299,ARM Cortex-M0,72,256,1,4.0,"SPI, PWM, USB",6.79,0.415,45,1.8,DIP,2014,Automotive
Infineon,INF-MCU06306,ARM Cortex-M4,120,128,4,0.5,"Ethernet, PWM, USB, UART, SPI",3.06,1.306,64,3.3,BGA,2012,Automotive
Espressif,ESP-MCU06310,ARM Cortex-M4,240,2048,2,8.0,"UART, PWM, USB, SPI, I2C",3.15,0.145,24,1.8,DIP,2010,Automotive
Espressif,ESP-MCU06315,8051,32,16,32,1.0,"Ethernet, I2C",4.65,0.066,64,2.5,LQFP,2022,Automotive
Texas Instruments,TEX-MCU06339,ARM Cortex-M0,72,16,16,0.0,"UART, Ethernet, CAN, PWM, I2C",8.14,0.294,33,5.0,SOIC,2013,Automotive
Renesas,REN-MCU06345,ARM Cortex-M4,120,512,128,2.0,"I2C, CAN, UART, PWM, USB",8.97,1.203,61,5.0,QFN,2014,Automotive
NXP,NXP-MCU06350,MIPS32,48,2048,32,8.0,"SPI, Ethernet, PWM, I2C, USB",10.97,1.124,51,2.5,QFN,2017,Automotive
Silicon Labs,SIL-MCU06362,AVR 8-bit,480,64,32,2.0,"UART, Ethernet",3.52,0.49,84,2.5,DIP,2023,Automotive
Infineon,INF-MCU06372,ARM Cortex-M3,480,2048,256,2.0,"Ethernet, CAN, USB, I2C",4.54,1.2,47,5.0,TSSOP,2022,Automotive
STMicroelectronics,STM-MCU06374,AVR 8-bit,32,512,4,8.0,"I2C, PWM",6.36,1.411,35,2.5,TSSOP,2009,Automotive
Silicon Labs,SIL-MCU06376,ARM Cortex-M7,8,128,64,1.0,"USB, Ethernet, I2C",3.15,0.449,10,5.0,TSSOP,2021,Automotive
Renesas,REN-MCU06384,AVR 8-bit,8,16,16,0.0,"I2C, PWM, CAN, Ethernet",4.87,0.753,59,1.8,BGA,2007,Automotive
Renesas,REN-MCU06387,ARM Cortex-M7,8,64,4,8.0,"Ethernet, I2C",11.49,0.946,91,2.5,BGA,2012,Automotive
Renesas,REN-MCU06389,ARM Cortex-M4,16,2048,2,2.0,"PWM, SPI, USB, Ethernet",3.19,1.181,58,5.0,DIP,2018,Automotive
Espressif,ESP-MCU06392,ARM Cortex-M3,72,256,256,0.0,"USB, PWM",10.01,0.031,12,5.0,TSSOP,2023,Automotive
STMicroelectronics,STM-MCU06395,MIPS32,8,64,32,0.0,"PWM, CAN, SPI",5.1,0.625,8,5.0,DIP,2019,Automotive
Microchip,MIC-MCU06403,ARM Cortex-M0,168,1024,512,0.0,"I2C, CAN, Ethernet, UART, PWM",10.55,0.559,23,2.5,LQFP,2018,Automotive
Espressif,ESP-MCU06417,ARM Cortex-M3,168,32,32,2.0,"CAN, USB",11.58,0.906,34,5.0,TSSOP,2013,Automotive
Texas Instruments,TEX-MCU06421,8051,240,512,4,2.0,"Ethernet, USB, I2C, UART",2.18,0.411,9,1.8,BGA,2020,Automotive
Silicon Labs,SIL-MCU06435,ARM Cortex-M0,32,256,16,2.0,"CAN, UART, USB, I2C",9.07,0.452,81,2.5,LQFP,2017,Automotive
NXP,NXP-MCU06441,ARM Cortex-M0,72,256,4,8.0,"Ethernet, I2C",9.4,0.502,37,5.0,QFN,2016,Automotive
Silicon Labs,SIL-MCU06442,ARM Cortex-M7,240,256,256,1.0,"PWM, Ethernet, I2C, USB",11.26,1.435,39,1.8,BGA,2015,Automotive
Espressif,ESP-MCU06443,MIPS32,32,2048,8,1.0,"UART, I2C, Ethernet",1.85,0.369,40,2.5,LQFP,2020,Automotive
Texas Instruments,TEX-MCU06447,AVR 8-bit,8,1024,16,1.0,"CAN, I2C",11.75,0.356,41,5.0,DIP,2012,Automotive
Texas Instruments,TEX-MCU06449,MIPS32,32,64,512,2.0,"I2C, Ethernet, PWM, UART",6.21,1.233,69,2.5,TSSOP,2009,Automotive
Analog Devices,ANA-MCU06451,ARM Cortex-M4,168,16,32,8.0,"SPI, PWM",6.55,0.42,26,5.0,SOIC,2007,Automotive
Infineon,INF-MCU06455,ARM Cortex-M0,120,512,4,8.0,"PWM, SPI",8.37,0.509,17,2.5,QFN,2024,Automotive
Renesas,REN-MCU06459,ARM Cortex-M7,8,2048,512,8.0,"PWM, Ethernet, SPI",4.17,0.01,69,2.5,LQFP,2019,Automotive
Infineon,INF-MCU06474,RISC-V,168,32,512,0.0,"Ethernet, SPI, USB, CAN, PWM",8.3,0.268,55,3.3,BGA,2007,Automotive
NXP,NXP-MCU06475,ARM Cortex-M4,168,1024,16,0.5,"SPI, Ethernet, CAN",2.72,1.472,77,5.0,QFN,2018,Automotive
Nordic Semiconductor,NOR-MCU06481,ARM Cortex-M3,16,2048,256,2.0,"I2C, Ethernet, UART, CAN, SPI",8.8,0.778,73,2.5,LQFP,2008,Automotive
Silicon Labs,SIL-MCU06485,ARM Cortex-M7,120,64,16,2.0,"UART, I2C, CAN",5.41,0.677,21,2.5,SOIC,2019,Automotive
Infineon,INF-MCU06486,AVR 8-bit,168,64,8,1.0,"I2C, CAN, PWM, Ethernet",5.99,0.285,96,1.8,DIP,2008,Automotive
Infineon,INF-MCU06492,AVR 8-bit,32,1024,16,2.0,"CAN, USB",10.41,0.878,19,2.5,QFN,2017,Automotive
Infineon,INF-MCU06498,8051,72,128,8,0.5,"Ethernet, UART, I2C, SPI",2.13,1.369,93,2.5,QFN,2022,Automotive
Silicon Labs,SIL-MCU06520,ARM Cortex-M3,16,512,8,0.5,"Ethernet, CAN, UART",10.39,0.704,76,3.3,BGA,2016,Automotive
Microchip,MIC-MCU06539,RISC-V,480,2048,8,1.0,"Ethernet, I2C",2.74,0.086,59,5.0,LQFP,2019,Automotive
Renesas,REN-MCU06550,ARM Cortex-M4,72,16,256,8.0,"CAN, I2C, SPI, PWM",2.92,0.059,66,1.8,SOIC,2013,Automotive
Renesas,REN-MCU06551,8051,16,256,64,8.0,"USB, SPI, PWM",2.52,0.706,31,2.5,QFN,2005,Automotive
Silicon Labs,SIL-MCU06553,AVR 8-bit,120,256,16,4.0,"PWM, USB",6.48,0.177,97,2.5,QFN,2024,Automotive
Microchip,MIC-MCU06562,MIPS32,240,16,128,0.0,"PWM, UART, I2C",7.13,0.413,19,3.3,LQFP,2021,Automotive
Silicon Labs,SIL-MCU06568,ARM Cortex-M0,16,16,256,0.5,"I2C, SPI",2.38,1.299,9,2.5,TSSOP,2018,Automotive
Analog Devices,ANA-MCU06574,ARM Cortex-M0,8,1024,8,0.0,"UART, CAN",4.58,0.628,82,2.5,SOIC,2013,Automotive
Microchip,MIC-MCU06575,AVR 8-bit,8,1024,8,4.0,"Ethernet, CAN, PWM",5.79,1.092,24,1.8,DIP,2006,Automotive
STMicroelectronics,STM-MCU06580,ARM Cortex-M0,120,128,16,4.0,"USB, I2C, UART, CAN",6.27,0.834,68,2.5,SOIC,2010,Automotive
Silicon Labs,SIL-MCU06583,ARM Cortex-M0,240,16,8,4.0,"I2C, UART, SPI, USB, Ethernet",9.59,0.531,95,5.0,SOIC,2014,Automotive
Analog Devices,ANA-MCU06590,ARM Cortex-M0,72,1024,2,2.0,"SPI, CAN, USB",9.26,0.603,98,2.5,QFN,2024,Automotive
Nordic Semiconductor,NOR-MCU06592,ARM Cortex-M7,120,32,2,2.0,"Ethernet, I2C",11.24,0.211,45,3.3,BGA,2017,Automotive
STMicroelectronics,STM-MCU06596,ARM Cortex-M7,168,32,16,2.0,"PWM, Ethernet",7.78,0.715,56,3.3,SOIC,2012,Automotive
Nordic Semiconductor,NOR-MCU06603,AVR 8-bit,48,512,128,4.0,"PWM, Ethernet, UART",2.91,1.12,30,1.8,TSSOP,2014,Automotive
Renesas,REN-MCU06604,ARM Cortex-M3,72,16,4,1.0,"CAN, PWM, Ethernet",3.13,0.698,94,5.0,TSSOP,2016,Automotive
Espressif,ESP-MCU06610,ARM Cortex-M4,480,32,8,8.0,"I2C, UART, Ethernet",11.61,1.43,12,2.5,QFN,2017,Automotive
Analog Devices,ANA-MCU06611,AVR 8-bit,16,32,16,8.0,"CAN, USB, SPI, PWM, UART",11.35,0.144,61,3.3,DIP,2017,Automotive
Analog Devices,ANA-MCU06618,MIPS32,48,16,32,4.0,"I2C, SPI, CAN",4.23,1.239,55,1.8,LQFP,2010,Automotive
Silicon Labs,SIL-MCU06629,ARM Cortex-M3,120,64,4,0.5,"I2C, UART, USB, Ethernet",6.92,1.405,64,1.8,DIP,2020,Automotive
Nordic Semiconductor,NOR-MCU06635,RISC-V,8,64,128,0.5,"I2C, CAN",6.85,0.725,13,2.5,LQFP,2021,Automotive
NXP,NXP-MCU06640,ARM Cortex-M0,480,128,64,1.0,"I2C, Ethernet, UART, CAN",0.97,1.446,80,2.5,LQFP,2015,Automotive
Nordic Semiconductor,NOR-MCU06645,ARM Cortex-M4,240,1024,8,0.5,"I2C, UART, PWM, Ethernet",6.18,0.999,96,1.8,DIP,2010,Automotive
Infineon,INF-MCU06646,8051,240,1024,8,2.0,"I2C, Ethernet, SPI",7.76,0.561,90,5.0,SOIC,2013,Automotive
Nordic Semiconductor,NOR-MCU06649,AVR 8-bit,16,1024,8,4.0,"Ethernet, UART, CAN",8.1,0.736,31,2.5,SOIC,2010,Automotive
NXP,NXP-MCU06651,MIPS32,168,1024,1,0.5,"Ethernet, UART, CAN, SPI",9.11,0.387,32,5.0,LQFP,2013,Automotive
Analog Devices,ANA-MCU06653,MIPS32,72,64,32,4.0,"USB, SPI, UART, Ethernet",5.88,0.729,71,3.3,QFN,2008,Automotive
Nordic Semiconductor,NOR-MCU06668,MIPS32,200,2048,8,8.0,"SPI, PWM",5.97,0.079,73,1.8,SOIC,2005,Automotive
Silicon Labs,SIL-MCU06669,ARM Cortex-M3,16,16,1,2.0,"PWM, I2C, UART, Ethernet",7.39,0.747,13,1.8,SOIC,2023,Automotive
Texas Instruments,TEX-MCU06671,8051,120,256,256,2.0,"Ethernet, CAN, UART, SPI, PWM",2.19,1.413,65,3.3,QFN,2007,Automotive
STMicroelectronics,STM-MCU06676,8051,240,32,1,0.0,"UART, USB, I2C, PWM",9.19,0.099,6,1.8,LQFP,2018,Automotive
Analog Devices,ANA-MCU06678,ARM Cortex-M0,8,64,1,0.0,"UART, Ethernet",10.48,1.113,48,5.0,LQFP,2023,Automotive
Nordic Semiconductor,NOR-MCU06689,ARM Cortex-M7,48,64,64,2.0,"SPI, UART, Ethernet",9.43,0.151,15,2.5,SOIC,2012,Automotive
Renesas,REN-MCU06696,ARM Cortex-M7,120,32,2,8.0,"I2C, SPI, UART, CAN, Ethernet",4.86,1.249,14,3.3,BGA,2016,Automotive
Nordic Semiconductor,NOR-MCU06706,RISC-V,72,512,16,2.0,"USB, SPI, Ethernet, PWM, CAN",4.52,0.184,59,1.8,TSSOP,2008,Automotive
Analog Devices,ANA-MCU06712,8051,200,128,256,2.0,"CAN, UART, PWM, USB",4.51,0.395,92,2.5,TSSOP,2023,Automotive
Nordic Semiconductor,NOR-MCU06714,MIPS32,32,16,16,0.0,"Ethernet, PWM, USB",7.87,0.683,87,3.3,SOIC,2018,Automotive
Silicon Labs,SIL-MCU06722,RISC-V,200,16,4,4.0,"UART, I2C, SPI",5.98,0.244,41,1.8,DIP,2024,Automotive
Texas Instruments,TEX-MCU06726,MIPS32,120,2048,2,4.0,"Ethernet, PWM, SPI, UART, I2C",9.41,0.798,92,2.5,DIP,2022,Automotive
Silicon Labs,SIL-MCU06748,ARM Cortex-M7,72,32,8,4.0,"I2C, CAN, USB",6.57,0.208,74,1.8,BGA,2024,Automotive
Silicon Labs,SIL-MCU06755,ARM Cortex-M0,8,32,4,1.0,"USB, PWM, I2C, UART, Ethernet",11.21,1.415,78,2.5,SOIC,2023,Automotive
Espressif,ESP-MCU06765,RISC-V,16,32,256,2.0,"CAN, I2C, USB, SPI, Ethernet",10.04,1.078,84,5.0,DIP,2018,Automotive
NXP,NXP-MCU06766,RISC-V,72,128,512,2.0,"UART, USB, I2C, Ethernet",9.23,0.955,66,5.0,TSSOP,2012,Automotive
Espressif,ESP-MCU06768,ARM Cortex-M7,480,2048,128,8.0,"PWM, I2C, CAN",2.43,0.71,86,5.0,LQFP,2006,Automotive
Microchip,MIC-MCU06778,RISC-V,480,2048,128,2.0,"SPI, UART, I2C",1.2,0.307,54,2.5,TSSOP,2006,Automotive
Texas Instruments,TEX-MCU06785,AVR 8-bit,120,16,1,1.0,"I2C, Ethernet, USB, UART",7.91,0.508,75,3.3,BGA,2012,Automotive
Silicon Labs,SIL-MCU06796,RISC-V,200,128,128,0.0,"PWM, Ethernet, CAN, SPI, I2C",4.13,0.613,95,1.8,QFN,2014,Automotive
NXP,NXP-MCU06808,ARM Cortex-M3,32,2048,16,2.0,"SPI, I2C, PWM",5.04,1.107,29,3.3,QFN,2020,Automotive
Silicon Labs,SIL-MCU06810,8051,120,16,32,4.0,"USB, Ethernet, SPI, UART",6.34,1.201,97,3.3,SOIC,2006,Automotive
STMicroelectronics,STM-MCU06811,AVR 8-bit,48,256,32,0.5,"UART, PWM, I2C",1.51,1.378,14,2.5,DIP,2018,Automotive
Espressif,ESP-MCU06815,AVR 8-bit,120,256,16,4.0,"SPI, CAN, PWM, Ethernet",4.46,1.037,31,2.5,QFN,2014,Automotive
STMicroelectronics,STM-MCU06817,ARM Cortex-M0,480,16,8,1.0,"Ethernet, USB",10.83,1.03,63,2.5,DIP,2007,Automotive
Nordic Semiconductor,NOR-MCU06829,ARM Cortex-M7,32,1024,1,8.0,"UART, SPI, Ethernet, CAN, PWM",9.51,0.041,64,1.8,LQFP,2009,Automotive
Analog Devices,ANA-MCU06834,AVR 8-bit,32,2048,16,4.0,"SPI, I2C",8.27,0.694,59,3.3,BGA,2010,Automotive
Infineon,INF-MCU06835,ARM Cortex-M4,200,32,1,1.0,"Ethernet, I2C, UART, CAN, USB",7.46,1.452,14,1.8,DIP,2017,Automotive
Silicon Labs,SIL-MCU06837,ARM Cortex-M3,16,64,256,4.0,"I2C, PWM, SPI, Ethernet, CAN",8.7,1.213,48,3.3,BGA,2020,Automotive
Analog Devices,ANA-MCU06840,ARM Cortex-M3,48,128,16,0.0,"UART, Ethernet, SPI, PWM",8.51,1.228,37,1.8,DIP,2009,Automotive
Nordic Semiconductor,NOR-MCU06845,MIPS32,48,32,16,0.5,"PWM, I2C, SPI",2.22,0.254,23,1.8,DIP,2019,Automotive
STMicroelectronics,STM-MCU06849,RISC-V,200,2048,8,0.5,"UART, PWM, I2C",1.46,1.136,67,2.5,BGA,2021,Automotive
Nordic Semiconductor,NOR-MCU06856,ARM Cortex-M7,8,512,8,0.0,"CAN, SPI",11.74,0.797,6,5.0,LQFP,2021,Automotive
STMicroelectronics,STM-MCU06862,ARM Cortex-M7,480,32,512,0.5,"Ethernet, PWM",6.15,0.745,83,3.3,SOIC,2019,Automotive
Microchip,MIC-MCU06863,AVR 8-bit,48,32,4,1.0,"UART, I2C",6.34,0.203,31,1.8,TSSOP,2012,Automotive
Nordic Semiconductor,NOR-MCU06866,AVR 8-bit,240,16,512,0.0,"USB, CAN, SPI, UART",8.48,1.067,16,3.3,QFN,2007,Automotive
Microchip,MIC-MCU06886,ARM Cortex-M3,240,128,512,4.0,"CAN, UART, Ethernet, SPI, USB",8.29,0.667,77,5.0,BGA,2020,Automotive
Silicon Labs,SIL-MCU06887,ARM Cortex-M0,200,2048,1,4.0,"UART, PWM, USB, SPI",10.29,1.321,98,2.5,QFN,2013,Automotive
Infineon,INF-MCU06893,8051,168,16,16,1.0,"CAN, SPI",7.98,1.204,87,3.3,QFN,2018,Automotive
NXP,NXP-MCU06913,ARM Cortex-M3,480,64,4,1.0,"PWM, Ethernet, UART, CAN, SPI",10.64,0.177,11,1.8,TSSOP,2022,Automotive
Renesas,REN-MCU06915,8051,8,1024,16,8.0,"SPI, UART",6.23,0.955,66,3.3,TSSOP,2010,Automotive
Renesas,REN-MCU06923,8051,168,512,64,2.0,"UART, I2C, SPI",9.88,0.949,30,3.3,LQFP,2019,Automotive
Renesas,REN-MCU06934,ARM Cortex-M7,168,16,2,4.0,"Ethernet, PWM, USB",5.28,0.584,90,3.3,LQFP,2006,Automotive
STMicroelectronics,STM-MCU06937,ARM Cortex-M3,8,512,64,2.0,"UART, USB, CAN, I2C, Ethernet",9.45,0.152,17,2.5,DIP,2006,Automotive
Microchip,MIC-MCU06939,ARM Cortex-M4,8,512,4,4.0,"Ethernet, SPI",2.69,0.278,6,3.3,QFN,2015,Automotive
Silicon Labs,SIL-MCU06948,AVR 8-bit,72,64,128,4.0,"PWM, I2C",7.25,0.351,45,3.3,TSSOP,2010,Automotive
Analog Devices,ANA-MCU06962,8051,480,2048,512,8.0,"I2C, USB, Ethernet, CAN",3.61,0.485,97,1.8,LQFP,2020,Automotive
Analog Devices,ANA-MCU06969,ARM Cortex-M4,240,2048,32,0.5,"UART, SPI, I2C, USB",1.28,1.3,85,5.0,QFN,2008,Automotive
Espressif,ESP-MCU06971,ARM Cortex-M4,168,2048,256,2.0,"I2C, USB",10.65,0.385,13,1.8,BGA,2005,Automotive
STMicroelectronics,STM-MCU06974,RISC-V,16,128,256,8.0,"I2C, CAN",4.67,0.196,6,2.5,QFN,2005,Automotive
Silicon Labs,SIL-MCU06977,MIPS32,120,32,4,0.5,"I2C, UART, Ethernet, CAN",3.43,0.73,18,5.0,SOIC,2020,Automotive
Microchip,MIC-MCU06981,MIPS32,16,16,2,2.0,"I2C, PWM",6.12,1.158,40,5.0,LQFP,2020,Automotive
Infineon,INF-MCU06985,8051,8,16,64,0.0,"I2C, CAN, SPI, USB",1.55,1.308,71,1.8,QFN,2005,Automotive
Renesas,REN-MCU06988,8051,48,512,256,8.0,"CAN, Ethernet, SPI, I2C, PWM",4.01,0.281,36,5.0,DIP,2011,Automotive
Nordic Semiconductor,NOR-MCU06990,ARM Cortex-M3,480,128,64,1.0,"CAN, SPI",1.07,1.196,81,3.3,LQFP,2013,Automotive
Renesas,REN-MCU06991,MIPS32,168,16,2,1.0,"SPI, UART, CAN, USB",7.25,0.513,90,2.5,BGA,2008,Automotive
Texas Instruments,TEX-MCU07011,ARM Cortex-M3,72,64,512,1.0,"Ethernet, UART, I2C, CAN",11.32,0.071,8,1.8,SOIC,2022,Automotive
NXP,NXP-MCU07013,ARM Cortex-M0,16,512,64,8.0,"PWM, I2C",4.23,0.828,86,2.5,BGA,2009,Automotive
Texas Instruments,TEX-MCU07030,ARM Cortex-M7,480,1024,32,2.0,"USB, UART",11.0,0.645,52,5.0,SOIC,2005,Automotive
Texas Instruments,TEX-MCU07034,AVR 8-bit,48,512,8,4.0,"UART, Ethernet, CAN, SPI, PWM",6.42,0.907,55,3.3,DIP,2017,Automotive
Silicon Labs,SIL-MCU07039,ARM Cortex-M0,120,16,4,8.0,"USB, I2C, SPI",7.7,0.637,69,5.0,BGA,2016,Automotive
Nordic Semiconductor,NOR-MCU07042,ARM Cortex-M7,168,128,32,1.0,"CAN, SPI, UART",7.23,0.232,78,1.8,TSSOP,2018,Automotive
Texas Instruments,TEX-MCU07043,8051,480,16,512,1.0,"Ethernet, I2C, CAN, PWM, SPI",2.26,0.575,14,3.3,SOIC,2010,Automotive
Infineon,INF-MCU07048,AVR 8-bit,120,16,2,8.0,"I2C, UART, PWM, USB, SPI",0.7,0.223,55,1.8,QFN,2017,Automotive
Nordic Semiconductor,NOR-MCU07057,8051,8,2048,16,0.0,"PWM, USB, UART, CAN, I2C",7.23,0.819,64,3.3,LQFP,2012,Automotive
Texas Instruments,TEX-MCU07067,ARM Cortex-M0,240,128,2,8.0,"PWM, USB, Ethernet, UART, I2C",5.21,1.156,18,3.3,QFN,2022,Automotive
Texas Instruments,TEX-MCU07071,AVR 8-bit,48,128,256,0.5,"I2C, Ethernet, USB",1.18,0.822,61,2.5,SOIC,2010,Automotive
STMicroelectronics,STM-MCU07073,MIPS32,32,1024,64,0.5,"Ethernet, SPI, UART, USB",1.18,0.346,46,3.3,DIP,2005,Automotive
Infineon,INF-MCU07077,RISC-V,16,32,512,0.0,"USB, Ethernet, SPI, CAN",2.55,1.373,28,5.0,DIP,2010,Automotive
Texas Instruments,TEX-MCU07083,ARM Cortex-M7,32,256,32,0.5,"UART, USB, I2C, Ethernet",6.65,0.831,24,3.3,TSSOP,2015,Automotive
Nordic Semiconductor,NOR-MCU07087,RISC-V,48,2048,256,1.0,"PWM, UART, I2C, Ethernet, SPI",3.8,0.662,21,5.0,LQFP,2023,Automotive
Microchip,MIC-MCU07091,ARM Cortex-M3,8,32,1,8.0,"CAN, SPI",9.15,1.426,84,5.0,QFN,2019,Automotive
Espressif,ESP-MCU07099,8051,240,1024,16,1.0,"SPI, PWM, CAN, I2C, USB",6.06,0.265,81,2.5,LQFP,2022,Automotive
Microchip,MIC-MCU07128,ARM Cortex-M0,200,1024,256,8.0,"Ethernet, CAN",2.21,1.252,86,2.5,QFN,2014,Automotive
Infineon,INF-MCU07131,8051,120,64,64,1.0,"Ethernet, I2C, PWM",9.14,0.708,59,2.5,BGA,2023,Automotive
STMicroelectronics,STM-MCU07132,8051,120,16,256,4.0,"CAN, I2C, USB, UART, Ethernet",7.88,0.545,69,2.5,BGA,2006,Automotive
Infineon,INF-MCU07133,ARM Cortex-M4,48,128,2,8.0,"I2C, CAN, PWM",9.94,0.22,86,3.3,SOIC,2012,Automotive
Infineon,INF-MCU07141,ARM Cortex-M4,8,2048,1,0.0,"USB, PWM, I2C, Ethernet",7.74,0.192,70,3.3,SOIC,2024,Automotive
Infineon,INF-MCU07145,ARM Cortex-M0,168,256,64,8.0,"USB, PWM, SPI, UART, CAN",3.3,0.644,99,2.5,SOIC,2024,Automotive
Renesas,REN-MCU07148,ARM Cortex-M0,16,128,1,0.5,"USB, PWM",2.24,1.286,66,3.3,TSSOP,2020,Automotive
Texas Instruments,TEX-MCU07149,RISC-V,8,16,256,4.0,"PWM, USB, I2C, Ethernet",3.69,1.229,71,5.0,TSSOP,2021,Automotive
STMicroelectronics,STM-MCU07150,ARM Cortex-M7,200,64,8,2.0,"USB, UART, PWM",4.87,0.799,61,2.5,SOIC,2016,Automotive
Analog Devices,ANA-MCU07171,ARM Cortex-M7,480,128,16,1.0,"USB, PWM, CAN, I2C",7.49,0.215,98,5.0,DIP,2021,Automotive
Espressif,ESP-MCU07174,ARM Cortex-M3,120,64,32,1.0,"Ethernet, PWM, CAN",8.21,0.561,95,1.8,SOIC,2018,Automotive
Texas Instruments,TEX-MCU07177,ARM Cortex-M7,168,2048,128,1.0,"USB, SPI, UART, CAN",3.51,1.174,29,3.3,DIP,2020,Automotive
Espressif,ESP-MCU07183,RISC-V,48,32,8,8.0,"CAN, USB",10.4,0.993,56,5.0,SOIC,2009,Automotive
Silicon Labs,SIL-MCU07187,ARM Cortex-M0,240,32,256,0.5,"PWM, Ethernet",0.65,1.01,50,2.5,BGA,2022,Automotive
Nordic Semiconductor,NOR-MCU07188,ARM Cortex-M3,168,1024,2,8.0,"CAN, PWM, UART, USB, SPI",2.57,0.809,61,3.3,TSSOP,2010,Automotive
STMicroelectronics,STM-MCU07191,8051,8,1024,16,8.0,"USB, Ethernet, SPI, I2C, PWM",2.58,0.607,10,5.0,LQFP,2017,Automotive
STMicroelectronics,STM-MCU07193,AVR 8-bit,72,128,64,2.0,"PWM, I2C",7.68,1.225,84,2.5,TSSOP,2007,Automotive
Texas Instruments,TEX-MCU07197,ARM Cortex-M7,120,2048,32,8.0,"USB, CAN, SPI",10.65,1.224,80,3.3,SOIC,2006,Automotive
STMicroelectronics,STM-MCU07211,ARM Cortex-M0,480,16,8,0.0,"PWM, SPI, I2C, Ethernet",1.53,1.423,95,5.0,LQFP,2021,Automotive
Silicon Labs,SIL-MCU07214,ARM Cortex-M4,16,128,4,1.0,"I2C, PWM, CAN, SPI",5.33,1.227,29,3.3,LQFP,2013,Automotive
NXP,NXP-MCU07235,8051,240,128,8,2.0,"SPI, USB, CAN",10.63,1.162,23,2.5,BGA,2005,Automotive
Microchip,MIC-MCU07257,AVR 8-bit,480,16,128,0.5,"UART, USB",8.08,0.55,18,3.3,DIP,2010,Automotive
Renesas,REN-MCU07269,ARM Cortex-M0,32,128,512,2.0,"CAN, USB, PWM, Ethernet, I2C",10.28,1.442,87,3.3,SOIC,2007,Automotive
Nordic Semiconductor,NOR-MCU07273,RISC-V,32,64,256,0.0,"PWM, CAN",7.2,0.276,10,1.8,LQFP,2018,Automotive
STMicroelectronics,STM-MCU07275,RISC-V,120,32,16,0.5,"USB, PWM, Ethernet",3.6,0.208,18,3.3,TSSOP,2019,Automotive
STMicroelectronics,STM-MCU07292,MIPS32,200,128,2,8.0,"PWM, CAN, I2C",11.72,0.09,9,2.5,SOIC,2022,Automotive
Renesas,REN-MCU07299,ARM Cortex-M7,32,64,8,0.0,"I2C, UART, CAN, Ethernet",10.18,0.995,33,2.5,LQFP,2021,Automotive
Silicon Labs,SIL-MCU07302,RISC-V,72,256,16,1.0,"PWM, CAN, Ethernet",8.8,0.496,84,2.5,TSSOP,2022,Automotive
STMicroelectronics,STM-MCU07303,RISC-V,480,128,256,8.0,"Ethernet, UART, CAN, I2C, USB",9.34,0.92,97,3.3,SOIC,2014,Automotive
STMicroelectronics,STM-MCU07305,MIPS32,48,1024,32,1.0,"PWM, CAN, USB",7.78,0.912,93,5.0,SOIC,2023,Automotive
Texas Instruments,TEX-MCU07314,ARM Cortex-M4,16,256,16,8.0,"SPI, CAN",6.37,0.302,32,5.0,QFN,2010,Automotive
Espressif,ESP-MCU07319,ARM Cortex-M0,72,128,1,2.0,"I2C, SPI, UART",0.92,0.864,35,3.3,LQFP,2011,Automotive
Analog Devices,ANA-MCU07325,8051,16,64,16,8.0,"I2C, Ethernet, CAN",5.08,1.217,91,2.5,LQFP,2006,Automotive
Infineon,INF-MCU07328,ARM Cortex-M3,32,128,16,8.0,"PWM, UART, SPI, USB, Ethernet",11.99,0.998,8,1.8,QFN,2011,Automotive
NXP,NXP-MCU07339,8051,240,32,512,8.0,"USB, PWM, I2C, SPI, UART",5.94,1.179,12,5.0,QFN,2015,Automotive
Analog Devices,ANA-MCU07342,ARM Cortex-M7,200,64,128,4.0,"UART, I2C, SPI",9.67,0.284,31,2.5,SOIC,2014,Automotive
Renesas,REN-MCU07351,ARM Cortex-M7,120,128,2,0.5,"PWM, SPI, UART, USB, CAN",8.86,1.177,39,5.0,QFN,2010,Automotive
Nordic Semiconductor,NOR-MCU07354,ARM Cortex-M7,32,256,4,0.5,"PWM, USB, SPI",10.73,0.233,39,1.8,LQFP,2017,Automotive
NXP,NXP-MCU07359,RISC-V,32,2048,4,0.0,"PWM, CAN, I2C, Ethernet",2.86,0.628,14,5.0,LQFP,2024,Automotive
Texas Instruments,TEX-MCU07360,ARM Cortex-M3,120,64,64,1.0,"SPI, PWM, Ethernet, CAN",9.69,0.771,88,5.0,DIP,2007,Automotive
NXP,NXP-MCU07369,MIPS32,8,512,8,8.0,"I2C, USB, PWM, UART, Ethernet",4.65,0.446,90,2.5,SOIC,2008,Automotive
Renesas,REN-MCU07372,ARM Cortex-M3,240,1024,256,8.0,"SPI, CAN",2.18,0.225,82,1.8,BGA,2019,Automotive
Espressif,ESP-MCU07375,RISC-V,32,16,512,0.0,"PWM, SPI, CAN, Ethernet",6.83,0.222,60,3.3,SOIC,2019,Automotive
Infineon,INF-MCU07380,MIPS32,200,1024,1,1.0,"USB, CAN",8.57,1.096,9,2.5,SOIC,2013,Automotive
Silicon Labs,SIL-MCU07390,ARM Cortex-M0,200,1024,8,8.0,"I2C, UART, PWM",3.73,1.145,42,2.5,LQFP,2010,Automotive
Analog Devices,ANA-MCU07396,ARM Cortex-M0,72,2048,1,0.0,"CAN, I2C, SPI, UART, USB",1.85,0.609,53,5.0,DIP,2022,Automotive
Nordic Semiconductor,NOR-MCU07404,RISC-V,120,256,16,4.0,"I2C, Ethernet, UART",3.67,0.208,45,3.3,DIP,2016,Automotive
Texas Instruments,TEX-MCU07408,AVR 8-bit,32,2048,512,0.0,"CAN, USB",6.66,0.791,45,3.3,TSSOP,2015,Automotive
NXP,NXP-MCU07418,MIPS32,200,64,2,4.0,"PWM, USB",6.99,1.138,99,1.8,DIP,2016,Automotive
Texas Instruments,TEX-MCU07422,RISC-V,480,2048,16,0.5,"PWM, Ethernet, CAN",1.2,0.686,25,3.3,QFN,2014,Automotive
Espressif,ESP-MCU07427,8051,120,32,128,2.0,"I2C, CAN, SPI, Ethernet",1.18,0.377,78,2.5,LQFP,2008,Automotive
Infineon,INF-MCU07432,ARM Cortex-M3,240,64,8,0.5,"UART, CAN, USB, SPI, PWM",10.19,0.234,54,2.5,BGA,2012,Automotive
Espressif,ESP-MCU07434,RISC-V,8,256,64,0.0,"Ethernet, UART, PWM",3.78,1.423,89,3.3,QFN,2005,Automotive
Infineon,INF-MCU07436,ARM Cortex-M4,480,64,8,4.0,"SPI, CAN, UART, I2C, PWM",2.95,1.067,19,3.3,SOIC,2016,Automotive
Texas Instruments,TEX-MCU07446,ARM Cortex-M0,16,16,512,2.0,"UART, PWM, SPI, Ethernet",4.81,0.503,26,3.3,BGA,2016,Automotive
Infineon,INF-MCU07461,RISC-V,16,128,128,1.0,"CAN, I2C",8.0,0.137,7,5.0,TSSOP,2010,Automotive
Microchip,MIC-MCU07464,ARM Cortex-M7,168,64,2,1.0,"SPI, UART",8.45,0.014,90,3.3,BGA,2012,Automotive
NXP,NXP-MCU07471,ARM Cortex-M3,8,256,256,0.5,"UART, I2C",6.08,0.708,14,3.3,QFN,2011,Automotive
Silicon Labs,SIL-MCU07473,MIPS32,8,512,16,1.0,"USB, I2C, SPI",6.66,0.206,67,2.5,TSSOP,2017,Automotive
NXP,NXP-MCU07477,ARM Cortex-M0,8,512,4,0.5,"CAN, I2C",5.37,0.948,94,3.3,SOIC,2020,Automotive
NXP,NXP-MCU07480,ARM Cortex-M3,168,16,128,8.0,"USB, UART, CAN, SPI",11.61,0.093,42,3.3,QFN,2010,Automotive
Renesas,REN-MCU07481,ARM Cortex-M4,72,16,16,0.0,"SPI, CAN, PWM, UART",6.42,0.023,10,5.0,BGA,2012,Automotive
Texas Instruments,TEX-MCU07483,AVR 8-bit,240,1024,128,2.0,"USB, Ethernet, PWM, UART, CAN",1.7,1.465,31,5.0,SOIC,2005,Automotive
Nordic Semiconductor,NOR-MCU07488,ARM Cortex-M3,480,32,4,2.0,"USB, PWM, CAN, Ethernet",9.08,1.267,22,2.5,SOIC,2020,Automotive
STMicroelectronics,STM-MCU07490,ARM Cortex-M0,72,256,4,8.0,"Ethernet, USB, UART, PWM, CAN",9.38,1.395,49,3.3,SOIC,2005,Automotive
Renesas,REN-MCU07496,ARM Cortex-M3,120,256,2,0.5,"I2C, PWM, Ethernet",5.24,1.104,69,3.3,SOIC,2019,Automotive
Infineon,INF-MCU07498,RISC-V,16,1024,2,0.0,"UART, Ethernet, I2C",7.66,0.676,99,2.5,LQFP,2011,Automotive
Infineon,INF-MCU07523,AVR 8-bit,16,128,64,8.0,"PWM, UART",3.94,0.021,85,5.0,LQFP,2016,Automotive
Silicon Labs,SIL-MCU07540,MIPS32,48,16,64,8.0,"PWM, SPI, USB, CAN, UART",9.39,1.296,70,3.3,SOIC,2018,Automotive
Espressif,ESP-MCU07543,AVR 8-bit,16,2048,32,0.0,"Ethernet, CAN, UART, I2C, SPI",3.61,0.267,77,5.0,DIP,2015,Automotive
Silicon Labs,SIL-MCU07547,8051,8,256,2,0.0,"UART, SPI, I2C, USB, CAN",7.05,0.253,92,3.3,LQFP,2009,Automotive
Espressif,ESP-MCU07552,MIPS32,200,32,128,4.0,"PWM, Ethernet, UART, I2C",4.28,1.431,85,5.0,QFN,2020,Automotive
Silicon Labs,SIL-MCU07554,8051,8,64,8,0.5,"USB, I2C, UART, CAN",1.46,0.695,65,1.8,LQFP,2005,Automotive
STMicroelectronics,STM-MCU07557,8051,48,512,16,0.5,"CAN, SPI, Ethernet",8.36,1.277,14,5.0,SOIC,2024,Automotive
Microchip,MIC-MCU07565,RISC-V,240,2048,16,0.5,"SPI, UART, Ethernet, CAN",2.14,0.155,87,5.0,LQFP,2024,Automotive
NXP,NXP-MCU07578,AVR 8-bit,168,1024,8,0.0,"SPI, UART",5.6,0.923,7,3.3,QFN,2006,Automotive
Silicon Labs,SIL-MCU07584,AVR 8-bit,480,16,8,8.0,"SPI, I2C, USB, CAN, PWM",4.72,1.056,12,1.8,DIP,2012,Automotive
Microchip,MIC-MCU07595,MIPS32,8,32,512,0.5,"SPI, Ethernet, CAN",2.8,1.484,27,1.8,SOIC,2005,Automotive
Silicon Labs,SIL-MCU07597,AVR 8-bit,32,256,128,8.0,"CAN, I2C, UART, PWM, USB",10.03,0.013,71,5.0,DIP,2018,Automotive
Microchip,MIC-MCU07610,RISC-V,72,16,64,4.0,"UART, PWM, USB, SPI, Ethernet",5.66,0.814,80,5.0,TSSOP,2011,Automotive
NXP,NXP-MCU07615,ARM Cortex-M0,480,1024,2,4.0,"SPI, Ethernet",3.54,0.288,33,3.3,TSSOP,2024,Automotive
Infineon,INF-MCU07621,8051,240,512,128,1.0,"CAN, PWM",5.75,1.268,7,1.8,SOIC,2005,Automotive
STMicroelectronics,STM-MCU07624,ARM Cortex-M7,16,128,2,1.0,"USB, Ethernet, UART, CAN, SPI",1.29,0.506,13,3.3,SOIC,2008,Automotive
STMicroelectronics,STM-MCU07629,ARM Cortex-M4,48,2048,8,8.0,"Ethernet, CAN",5.12,0.354,71,2.5,QFN,2006,Automotive
Silicon Labs,SIL-MCU07646,ARM Cortex-M7,72,2048,128,0.0,"USB, SPI, Ethernet, CAN",8.6,1.171,11,5.0,QFN,2020,Automotive
Renesas,REN-MCU07654,ARM Cortex-M3,168,16,2,0.0,"UART, USB, Ethernet, CAN",7.91,1.285,45,5.0,BGA,2015,Automotive
NXP,NXP-MCU07655,AVR 8-bit,200,256,64,0.0,"PWM, UART, CAN, SPI",8.85,0.186,86,5.0,QFN,2012,Automotive
Nordic Semiconductor,NOR-MCU07662,8051,72,32,512,0.5,"USB, PWM, SPI, I2C, UART",2.63,1.253,69,5.0,QFN,2005,Automotive
STMicroelectronics,STM-MCU07666,AVR 8-bit,200,64,32,2.0,"I2C, SPI, Ethernet, USB, UART",5.92,0.617,72,1.8,QFN,2009,Automotive
Renesas,REN-MCU07681,ARM Cortex-M3,200,512,256,0.0,"I2C, Ethernet",8.02,0.481,83,3.3,SOIC,2005,Automotive
Microchip,MIC-MCU07693,ARM Cortex-M3,240,32,4,4.0,"PWM, UART",9.92,1.199,69,1.8,DIP,2012,Automotive
NXP,NXP-MCU07694,ARM Cortex-M0,8,1024,64,1.0,"CAN, SPI",4.17,0.446,56,5.0,SOIC,2006,Automotive
Texas Instruments,TEX-MCU07703,MIPS32,120,128,32,1.0,"USB, CAN",2.77,1.326,45,1.8,SOIC,2005,Automotive
Texas Instruments,TEX-MCU07708,ARM Cortex-M4,120,128,128,8.0,"USB, UART, I2C, Ethernet, CAN",8.75,0.332,60,1.8,QFN,2023,Automotive
Nordic Semiconductor,NOR-MCU07710,MIPS32,72,1024,2,1.0,"USB, Ethernet",7.97,1.425,48,2.5,DIP,2024,Automotive
Espressif,ESP-MCU07715,RISC-V,8,16,64,1.0,"USB, Ethernet, PWM, CAN",11.33,1.122,44,2.5,LQFP,2015,Automotive
Renesas,REN-MCU07721,ARM Cortex-M3,8,64,16,4.0,"I2C, UART, CAN, Ethernet, USB",2.51,0.812,14,5.0,BGA,2014,Automotive
STMicroelectronics,STM-MCU07722,RISC-V,16,128,1,0.5,"I2C, USB, CAN, PWM, Ethernet",3.97,0.81,26,1.8,DIP,2006,Automotive
Silicon Labs,SIL-MCU07730,MIPS32,72,64,32,1.0,"Ethernet, UART",9.55,1.467,13,2.5,QFN,2024,Automotive
Espressif,ESP-MCU07732,ARM Cortex-M3,480,256,32,1.0,"USB, SPI",4.34,1.315,72,3.3,QFN,2020,Automotive
Nordic Semiconductor,NOR-MCU07734,ARM Cortex-M0,480,32,8,2.0,"UART, Ethernet, USB, I2C, CAN",2.79,0.757,83,3.3,DIP,2006,Automotive
Texas Instruments,TEX-MCU07748,ARM Cortex-M3,168,2048,32,0.5,"USB, PWM",6.99,1.034,98,1.8,TSSOP,2009,Automotive
NXP,NXP-MCU07754,RISC-V,168,256,16,0.5,"CAN, I2C, Ethernet",5.55,0.788,78,2.5,DIP,2012,Automotive
STMicroelectronics,STM-MCU07756,ARM Cortex-M3,120,2048,512,0.0,"CAN, I2C, PWM",11.62,1.452,62,2.5,LQFP,2010,Automotive
Microchip,MIC-MCU07761,RISC-V,168,1024,32,0.0,"USB, I2C",4.79,0.531,70,5.0,BGA,2021,Automotive
Infineon,INF-MCU07769,ARM Cortex-M3,240,2048,128,2.0,"PWM, SPI",8.13,0.353,99,2.5,TSSOP,2024,Automotive
Analog Devices,ANA-MCU07771,AVR 8-bit,48,1024,1,4.0,"USB, SPI",11.56,1.225,95,3.3,SOIC,2012,Automotive
Nordic Semiconductor,NOR-MCU07774,ARM Cortex-M4,120,32,1,1.0,"CAN, PWM, UART",8.3,0.818,9,2.5,QFN,2024,Automotive
Renesas,REN-MCU07786,ARM Cortex-M0,32,32,16,4.0,"CAN, Ethernet, USB",11.92,1.128,12,2.5,LQFP,2008,Automotive
Texas Instruments,TEX-MCU07789,AVR 8-bit,200,256,256,1.0,"SPI, PWM, Ethernet, USB",10.34,1.404,24,1.8,DIP,2010,Automotive
NXP,NXP-MCU07795,ARM Cortex-M0,72,128,32,4.0,"Ethernet, CAN, PWM, SPI",10.7,1.387,33,3.3,DIP,2019,Automotive
Silicon Labs,SIL-MCU07804,ARM Cortex-M0,72,256,512,0.5,"CAN, PWM, UART, I2C, USB",1.73,0.098,92,1.8,SOIC,2016,Automotive
STMicroelectronics,STM-MCU07805,RISC-V,16,16,16,8.0,"SPI, I2C, USB, UART, Ethernet",8.15,0.541,55,3.3,LQFP,2019,Automotive
Infineon,INF-MCU07807,8051,168,1024,2,1.0,"CAN, Ethernet, USB",0.86,1.031,6,2.5,QFN,2023,Automotive
Renesas,REN-MCU07809,MIPS32,32,1024,64,8.0,"USB, CAN",1.24,0.777,23,1.8,SOIC,2022,Automotive
Silicon Labs,SIL-MCU07817,RISC-V,200,2048,1,0.0,"CAN, UART",3.7,0.903,21,5.0,DIP,2019,Automotive
Espressif,ESP-MCU07818,ARM Cortex-M3,168,2048,2,4.0,"I2C, CAN, USB",10.68,0.226,80,2.5,BGA,2014,Automotive
Nordic Semiconductor,NOR-MCU07819,AVR 8-bit,480,256,128,0.5,"SPI, I2C, Ethernet, PWM",5.55,0.869,57,3.3,TSSOP,2014,Automotive
Espressif,ESP-MCU07825,ARM Cortex-M0,200,128,8,0.0,"I2C, UART",0.86,0.601,57,5.0,LQFP,2010,Automotive
Infineon,INF-MCU07828,RISC-V,168,32,128,8.0,"Ethernet, CAN",5.98,0.507,24,3.3,DIP,2020,Automotive
Silicon Labs,SIL-MCU07831,ARM Cortex-M4,240,512,4,1.0,"UART, PWM, SPI, USB, I2C",2.84,0.643,93,3.3,DIP,2010,Automotive
Microchip,MIC-MCU07834,RISC-V,480,512,2,2.0,"UART, CAN, SPI, USB",10.23,1.456,96,3.3,LQFP,2017,Automotive
Espressif,ESP-MCU07835,ARM Cortex-M0,8,16,1,1.0,"SPI, I2C, Ethernet",2.23,0.55,86,1.8,LQFP,2009,Automotive
Infineon,INF-MCU07840,AVR 8-bit,120,64,4,1.0,"I2C, PWM, SPI, CAN",11.3,1.013,46,1.8,SOIC,2013,Automotive
Silicon Labs,SIL-MCU07850,ARM Cortex-M4,480,16,2,8.0,"USB, PWM, SPI, UART, CAN",11.85,0.938,15,1.8,QFN,2023,Automotive
Texas Instruments,TEX-MCU07859,ARM Cortex-M3,480,1024,128,0.0,"USB, PWM, I2C",3.4,0.692,77,5.0,TSSOP,2011,Automotive
NXP,NXP-MCU07860,RISC-V,200,256,32,0.0,"Ethernet, I2C",2.75,0.423,84,5.0,BGA,2012,Automotive
NXP,NXP-MCU07870,ARM Cortex-M0,120,1024,2,1.0,"PWM, I2C, CAN, Ethernet, UART",1.84,1.162,63,3.3,TSSOP,2023,Automotive
Infineon,INF-MCU07872,ARM Cortex-M3,32,512,2,2.0,"CAN, Ethernet, PWM, I2C, SPI",0.54,0.908,23,3.3,LQFP,2015,Automotive
Espressif,ESP-MCU07873,ARM Cortex-M0,72,64,32,8.0,"PWM, I2C, Ethernet, SPI, CAN",9.66,0.326,80,2.5,DIP,2014,Automotive
Silicon Labs,SIL-MCU07882,ARM Cortex-M7,48,32,8,1.0,"Ethernet, USB, SPI, UART",1.6,0.857,48,5.0,TSSOP,2014,Automotive
STMicroelectronics,STM-MCU07884,RISC-V,48,32,32,4.0,"PWM, UART",0.8,1.11,90,3.3,DIP,2024,Automotive
Nordic Semiconductor,NOR-MCU07886,ARM Cortex-M7,32,128,32,4.0,"PWM, USB",8.38,1.261,72,3.3,LQFP,2010,Automotive
Renesas,REN-MCU07887,ARM Cortex-M0,200,64,16,0.0,"I2C, CAN",7.39,0.859,13,5.0,BGA,2024,Automotive
STMicroelectronics,STM-MCU07905,ARM Cortex-M7,32,32,128,8.0,"Ethernet, USB, PWM, UART, SPI",10.3,0.783,70,1.8,BGA,2024,Automotive
Renesas,REN-MCU07916,MIPS32,8,2048,16,4.0,"SPI, UART, PWM, CAN, I2C",4.42,1.228,22,3.3,QFN,2007,Automotive
Analog Devices,ANA-MCU07920,AVR 8-bit,240,32,4,4.0,"SPI, PWM",7.0,0.011,81,5.0,QFN,2017,Automotive
NXP,NXP-MCU07931,ARM Cortex-M4,32,2048,128,2.0,"USB, UART, SPI, PWM, Ethernet",4.3,0.033,42,2.5,QFN,2023,Automotive
Microchip,MIC-MCU07932,8051,8,512,256,2.0,"SPI, PWM, UART",7.8,1.392,57,3.3,DIP,2020,Automotive
Analog Devices,ANA-MCU07934,RISC-V,240,32,8,1.0,"PWM, UART",6.18,0.139,95,5.0,LQFP,2005,Automotive
Renesas,REN-MCU07935,ARM Cortex-M0,32,256,1,0.0,"I2C, PWM",9.31,0.526,38,1.8,TSSOP,2018,Automotive
Espressif,ESP-MCU07939,AVR 8-bit,16,2048,2,1.0,"Ethernet, I2C, PWM",1.81,0.198,44,2.5,DIP,2006,Automotive
Infineon,INF-MCU07940,RISC-V,48,256,256,4.0,"UART, SPI, Ethernet, PWM",9.84,1.276,85,5.0,SOIC,2008,Automotive
Analog Devices,ANA-MCU07952,8051,16,64,1,0.5,"UART, SPI, USB",7.06,1.012,32,2.5,LQFP,2005,Automotive
NXP,NXP-MCU07954,ARM Cortex-M7,72,16,128,8.0,"I2C, PWM, CAN, SPI",0.81,0.683,41,2.5,TSSOP,2014,Automotive
Nordic Semiconductor,NOR-MCU07955,ARM Cortex-M0,16,128,2,1.0,"I2C, USB, PWM, SPI",8.36,0.907,94,1.8,QFN,2024,Automotive
STMicroelectronics,STM-MCU07958,MIPS32,48,16,256,1.0,"CAN, SPI, Ethernet, USB, UART",11.99,0.7,13,5.0,LQFP,2006,Automotive
Microchip,MIC-MCU07959,ARM Cortex-M7,16,1024,64,0.0,"Ethernet, SPI, I2C",2.97,0.537,97,5.0,LQFP,2014,Automotive
Renesas,REN-MCU07960,ARM Cortex-M0,72,128,8,0.5,"UART, USB, I2C, Ethernet",9.05,1.482,18,3.3,DIP,2007,Automotive
Infineon,INF-MCU07963,ARM Cortex-M3,200,1024,256,0.0,"USB, UART, SPI",5.73,0.554,18,3.3,QFN,2019,Automotive
Infineon,INF-MCU07964,8051,120,32,2,0.0,"Ethernet, UART",10.04,0.942,79,2.5,SOIC,2016,Automotive
STMicroelectronics,STM-MCU07966,ARM Cortex-M7,16,1024,1,4.0,"USB, PWM",3.0,0.211,59,5.0,LQFP,2005,Automotive
Silicon Labs,SIL-MCU07971,8051,72,32,16,2.0,"PWM, UART, Ethernet, USB, SPI",7.5,0.449,64,5.0,SOIC,2017,Automotive
Analog Devices,ANA-MCU07977,ARM Cortex-M4,8,64,16,4.0,"SPI, I2C, USB, PWM, UART",8.11,0.48,93,2.5,DIP,2019,Automotive
Renesas,REN-MCU07985,RISC-V,48,16,16,1.0,"Ethernet, USB",1.91,0.952,60,3.3,SOIC,2014,Automotive
STMicroelectronics,STM-MCU08004,RISC-V,120,1024,64,8.0,"SPI, CAN, I2C",6.78,0.747,73,3.3,BGA,2022,Automotive
Analog Devices,ANA-MCU08011,ARM Cortex-M4,8,1024,16,4.0,"USB, Ethernet",1.4,1.395,38,3.3,LQFP,2013,Automotive
Analog Devices,ANA-MCU08015,8051,16,32,16,0.5,"SPI, UART, PWM, USB, CAN",6.25,1.499,49,1.8,LQFP,2010,Automotive
Espressif,ESP-MCU08019,8051,72,256,128,0.0,"SPI, I2C, PWM, Ethernet, UART",9.17,1.457,33,2.5,SOIC,2011,Automotive
Nordic Semiconductor,NOR-MCU08032,AVR 8-bit,240,2048,2,0.0,"PWM, Ethernet, USB, SPI, UART",0.81,0.508,21,3.3,BGA,2013,Automotive
Renesas,REN-MCU08047,ARM Cortex-M3,32,64,4,0.5,"I2C, PWM, CAN",10.82,0.337,66,3.3,DIP,2018,Automotive
Espressif,ESP-MCU08058,RISC-V,480,2048,64,2.0,"SPI, PWM, I2C",4.57,0.367,53,1.8,BGA,2010,Automotive
STMicroelectronics,STM-MCU08061,ARM Cortex-M7,200,512,8,1.0,"SPI, UART",8.98,1.069,70,5.0,DIP,2022,Automotive
Nordic Semiconductor,NOR-MCU08074,8051,16,128,16,1.0,"UART, USB",2.21,0.016,64,5.0,LQFP,2022,Automotive
Nordic Semiconductor,NOR-MCU08076,ARM Cortex-M7,72,256,1,0.5,"PWM, I2C, SPI, USB",8.75,0.222,82,2.5,SOIC,2008,Automotive
Infineon,INF-MCU08078,ARM Cortex-M3,16,32,16,0.5,"USB, I2C",7.53,0.878,73,1.8,TSSOP,2018,Automotive
Texas Instruments,TEX-MCU08082,8051,200,1024,8,0.5,"I2C, PWM, SPI, Ethernet, USB",7.4,1.02,67,3.3,DIP,2022,Automotive
Renesas,REN-MCU08085,RISC-V,120,32,1,8.0,"USB, UART, I2C, PWM",7.63,0.751,76,5.0,BGA,2005,Automotive
Infineon,INF-MCU08086,8051,240,1024,4,0.0,"SPI, UART, Ethernet, I2C, USB",5.7,1.316,69,1.8,SOIC,2023,Automotive
Microchip,MIC-MCU08099,ARM Cortex-M7,240,256,32,0.0,"UART, I2C, SPI, PWM, CAN",6.37,0.696,77,2.5,LQFP,2019,Automotive
Microchip,MIC-MCU08100,ARM Cortex-M7,120,1024,2,0.0,"PWM, I2C, Ethernet",5.89,1.061,73,2.5,BGA,2009,Automotive
NXP,NXP-MCU08109,ARM Cortex-M7,120,512,4,0.0,"I2C, SPI, PWM",4.0,1.457,17,5.0,DIP,2008,Automotive
Analog Devices,ANA-MCU08124,ARM Cortex-M7,120,256,16,8.0,"UART, I2C, SPI, Ethernet",4.54,0.724,31,3.3,QFN,2021,Automotive
Espressif,ESP-MCU08126,8051,16,16,64,8.0,"UART, SPI, CAN, PWM, USB",4.08,0.567,88,2.5,BGA,2010,Automotive
Infineon,INF-MCU08134,ARM Cortex-M7,48,32,8,0.5,"PWM, Ethernet, I2C",10.11,1.022,92,1.8,DIP,2013,Automotive
Infineon,INF-MCU08139,AVR 8-bit,32,1024,64,8.0,"PWM, SPI, CAN",1.64,0.08,49,1.8,QFN,2009,Automotive
Silicon Labs,SIL-MCU08146,ARM Cortex-M0,120,512,2,2.0,"CAN, USB",2.0,0.38,54,1.8,SOIC,2007,Automotive
Infineon,INF-MCU08153,ARM Cortex-M7,240,128,2,0.0,"Ethernet, USB, PWM, UART",5.24,0.574,66,3.3,DIP,2018,Automotive
Nordic Semiconductor,NOR-MCU08155,AVR 8-bit,48,1024,32,4.0,"SPI, Ethernet, I2C, UART, CAN",3.11,1.379,97,1.8,QFN,2009,Automotive
Microchip,MIC-MCU08169,ARM Cortex-M0,32,2048,8,8.0,"I2C, CAN, USB",4.87,0.889,88,1.8,DIP,2012,Automotive
Nordic Semiconductor,NOR-MCU08170,8051,16,2048,1,8.0,"Ethernet, I2C",3.53,1.408,53,2.5,BGA,2017,Automotive
Texas Instruments,TEX-MCU08172,ARM Cortex-M4,120,1024,2,0.0,"UART, CAN",10.98,0.379,9,2.5,QFN,2015,Automotive
Espressif,ESP-MCU08175,AVR 8-bit,32,64,8,0.0,"PWM, UART, CAN",3.44,0.79,32,3.3,TSSOP,2013,Automotive
Texas Instruments,TEX-MCU08195,ARM Cortex-M7,8,32,16,0.5,"I2C, SPI, USB, Ethernet, UART",6.0,1.429,33,3.3,SOIC,2006,Automotive
Silicon Labs,SIL-MCU08204,MIPS32,8,32,64,1.0,"CAN, SPI",1.08,0.311,55,5.0,LQFP,2012,Automotive
Renesas,REN-MCU08206,AVR 8-bit,8,128,2,0.0,"PWM, I2C, Ethernet, SPI",2.43,0.35,78,3.3,DIP,2007,Automotive
Analog Devices,ANA-MCU08211,AVR 8-bit,240,32,8,1.0,"Ethernet, PWM, SPI",11.0,0.083,73,5.0,QFN,2013,Automotive
STMicroelectronics,STM-MCU08217,8051,48,128,4,2.0,"Ethernet, PWM, SPI, UART, I2C",2.94,1.035,67,1.8,SOIC,2013,Automotive
Nordic Semiconductor,NOR-MCU08219,ARM Cortex-M0,72,16,4,8.0,"Ethernet, USB, SPI, I2C",2.58,0.465,45,2.5,DIP,2008,Automotive
Microchip,MIC-MCU08220,AVR 8-bit,168,64,8,1.0,"Ethernet, PWM, UART, SPI",7.73,1.316,88,5.0,BGA,2014,Automotive
Analog Devices,ANA-MCU08223,8051,16,2048,64,4.0,"CAN, I2C, UART, SPI",7.25,0.213,52,5.0,SOIC,2012,Automotive
Espressif,ESP-MCU08225,8051,32,128,32,0.5,"SPI, PWM, CAN, I2C, USB",10.81,0.864,47,3.3,TSSOP,2010,Automotive
Espressif,ESP-MCU08226,MIPS32,168,128,64,2.0,"PWM, USB, I2C",0.5,0.521,40,1.8,BGA,2022,Automotive
Espressif,ESP-MCU08227,8051,72,32,512,1.0,"UART, Ethernet",4.76,0.145,80,1.8,BGA,2019,Automotive
Nordic Semiconductor,NOR-MCU08230,ARM Cortex-M4,72,32,256,0.0,"UART, SPI",11.06,1.474,65,2.5,DIP,2014,Automotive
Silicon Labs,SIL-MCU08232,8051,200,256,512,0.5,"PWM, CAN, UART",2.82,1.047,87,5.0,QFN,2022,Automotive
Espressif,ESP-MCU08233,ARM Cortex-M3,168,2048,128,2.0,"PWM, CAN, UART, Ethernet, I2C",4.78,1.247,26,2.5,SOIC,2019,Automotive
Analog Devices,ANA-MCU08240,ARM Cortex-M0,120,16,128,1.0,"Ethernet, USB, PWM, I2C",11.25,0.663,12,2.5,LQFP,2006,Automotive
Espressif,ESP-MCU08252,MIPS32,72,512,16,0.5,"USB, PWM",5.52,1.197,20,2.5,LQFP,2022,Automotive
Infineon,INF-MCU08253,MIPS32,72,128,4,2.0,"USB, I2C, CAN",0.65,1.193,49,1.8,DIP,2013,Automotive
Texas Instruments,TEX-MCU08254,MIPS32,8,32,2,2.0,"USB, I2C, SPI, PWM",7.67,0.281,64,2.5,QFN,2015,Automotive
Espressif,ESP-MCU08255,AVR 8-bit,168,128,512,0.0,"SPI, UART, I2C, Ethernet, USB",7.39,0.849,57,3.3,SOIC,2013,Automotive
STMicroelectronics,STM-MCU08257,ARM Cortex-M3,72,2048,128,4.0,"PWM, USB",5.14,0.077,9,2.5,TSSOP,2012,Automotive
Microchip,MIC-MCU08259,AVR 8-bit,480,512,32,4.0,"UART, CAN",0.78,1.391,43,5.0,TSSOP,2020,Automotive
Microchip,MIC-MCU08268,AVR 8-bit,480,32,32,2.0,"I2C, UART, USB",2.36,1.487,50,3.3,SOIC,2008,Automotive
Infineon,INF-MCU08278,ARM Cortex-M4,16,1024,2,0.5,"UART, PWM, Ethernet",11.53,0.174,14,2.5,QFN,2021,Automotive
Analog Devices,ANA-MCU08287,ARM Cortex-M4,168,128,128,8.0,"SPI, CAN, USB, UART, I2C",1.32,0.904,55,1.8,DIP,2007,Automotive
Infineon,INF-MCU08290,ARM Cortex-M0,168,256,64,2.0,"I2C, UART",2.42,0.84,77,2.5,SOIC,2019,Automotive
Espressif,ESP-MCU08291,AVR 8-bit,48,64,512,0.0,"SPI, Ethernet",8.73,0.587,63,1.8,DIP,2023,Automotive
Espressif,ESP-MCU08294,8051,8,256,64,4.0,"UART, PWM",8.84,0.903,9,1.8,LQFP,2021,Automotive
Microchip,MIC-MCU08302,ARM Cortex-M4,72,256,16,4.0,"USB, CAN, SPI",1.46,0.421,44,5.0,QFN,2014,Automotive
Espressif,ESP-MCU08308,MIPS32,240,1024,4,4.0,"PWM, USB, CAN, SPI",11.37,0.026,17,1.8,TSSOP,2018,Automotive
Espressif,ESP-MCU08320,MIPS32,48,16,2,2.0,"SPI, Ethernet, CAN",3.58,0.378,55,5.0,TSSOP,2022,Automotive
Espressif,ESP-MCU08326,ARM Cortex-M0,32,32,512,8.0,"I2C, SPI, USB, UART, CAN",5.53,0.502,31,1.8,LQFP,2007,Automotive
Texas Instruments,TEX-MCU08335,AVR 8-bit,120,128,128,1.0,"UART, Ethernet, SPI, I2C",8.55,1.445,70,3.3,DIP,2006,Automotive
Infineon,INF-MCU08340,ARM Cortex-M4,72,256,1,8.0,"UART, I2C, PWM, USB",8.92,0.572,8,5.0,QFN,2017,Automotive
Analog Devices,ANA-MCU08345,AVR 8-bit,32,512,1,0.0,"PWM, CAN, I2C, SPI, USB",5.55,1.183,90,3.3,BGA,2023,Automotive
Analog Devices,ANA-MCU08359,AVR 8-bit,32,1024,8,2.0,"CAN, SPI, Ethernet, I2C",4.57,0.907,91,1.8,DIP,2012,Automotive
Infineon,INF-MCU08366,ARM Cortex-M4,32,32,4,0.0,"I2C, UART, SPI, CAN, PWM",3.87,1.445,60,1.8,DIP,2017,Automotive
Nordic Semiconductor,NOR-MCU08382,ARM Cortex-M0,32,256,4,0.5,"PWM, SPI, USB",3.6,0.657,65,3.3,QFN,2018,Automotive
Silicon Labs,SIL-MCU08383,8051,168,1024,512,0.5,"UART, Ethernet, SPI, PWM, USB",6.33,0.32,77,3.3,QFN,2020,Automotive
STMicroelectronics,STM-MCU08388,ARM Cortex-M7,200,512,32,2.0,"Ethernet, I2C, USB, PWM",7.36,0.298,78,5.0,LQFP,2021,Automotive
Microchip,MIC-MCU08396,MIPS32,32,2048,1,0.5,"CAN, USB, SPI, PWM",1.72,0.316,8,5.0,DIP,2017,Automotive
Infineon,INF-MCU08398,ARM Cortex-M4,240,1024,2,0.0,"PWM, I2C, USB, UART, CAN",8.77,0.231,42,5.0,LQFP,2011,Automotive
Analog Devices,ANA-MCU08407,ARM Cortex-M7,16,1024,32,0.0,"I2C, CAN, Ethernet",1.47,0.066,68,5.0,LQFP,2017,Automotive
Analog Devices,ANA-MCU08416,ARM Cortex-M7,200,512,512,0.0,"CAN, SPI, Ethernet, I2C, UART",3.04,1.159,65,3.3,DIP,2018,Automotive
STMicroelectronics,STM-MCU08424,RISC-V,480,256,1,0.0,"I2C, PWM, SPI",10.44,0.986,28,3.3,DIP,2016,Automotive
Microchip,MIC-MCU08425,ARM Cortex-M0,8,256,8,1.0,"I2C, USB",2.77,0.533,35,2.5,TSSOP,2021,Automotive
Renesas,REN-MCU08429,8051,480,512,4,0.5,"UART, Ethernet",11.58,1.017,21,1.8,BGA,2009,Automotive
Silicon Labs,SIL-MCU08437,AVR 8-bit,120,16,32,0.0,"CAN, PWM",1.71,1.499,35,2.5,BGA,2012,Automotive
Silicon Labs,SIL-MCU08448,8051,16,1024,1,0.5,"SPI, USB, I2C, CAN, UART",3.89,1.489,18,5.0,TSSOP,2015,Automotive
Silicon Labs,SIL-MCU08453,ARM Cortex-M0,240,256,16,8.0,"CAN, UART, SPI, I2C",4.72,0.348,80,2.5,QFN,2022,Automotive
Analog Devices,ANA-MCU08460,ARM Cortex-M0,480,16,2,4.0,"SPI, CAN, PWM, I2C",4.45,0.399,28,5.0,TSSOP,2018,Automotive
Silicon Labs,SIL-MCU08461,ARM Cortex-M3,200,256,64,4.0,"PWM, UART, SPI",8.78,0.641,67,1.8,TSSOP,2007,Automotive
Microchip,MIC-MCU08462,ARM Cortex-M0,480,16,16,0.0,"Ethernet, UART",10.12,1.055,9,3.3,QFN,2024,Automotive
Silicon Labs,SIL-MCU08469,ARM Cortex-M3,48,32,512,0.5,"Ethernet, USB",10.5,1.43,44,5.0,DIP,2024,Automotive
Infineon,INF-MCU08479,ARM Cortex-M4,240,512,16,0.5,"PWM, Ethernet, I2C",8.43,1.119,68,1.8,BGA,2006,Automotive
NXP,NXP-MCU08495,ARM Cortex-M0,8,512,4,4.0,"CAN, USB, PWM, UART, I2C",4.64,0.986,82,5.0,SOIC,2014,Automotive
Renesas,REN-MCU08499,MIPS32,8,128,2,8.0,"SPI, CAN, UART",11.33,0.344,75,5.0,TSSOP,2023,Automotive
Texas Instruments,TEX-MCU08507,ARM Cortex-M7,48,512,512,4.0,"I2C, SPI",7.99,0.318,56,1.8,LQFP,2015,Automotive
Microchip,MIC-MCU08511,ARM Cortex-M3,72,128,32,2.0,"PWM, Ethernet, UART, CAN, SPI",7.44,1.192,14,1.8,DIP,2015,Automotive
Analog Devices,ANA-MCU08533,ARM Cortex-M0,120,2048,8,0.0,"UART, PWM, USB, CAN, Ethernet",8.88,0.436,20,5.0,BGA,2017,Automotive
Texas Instruments,TEX-MCU08536,AVR 8-bit,120,128,128,8.0,"PWM, Ethernet, I2C",10.66,0.868,31,1.8,TSSOP,2010,Automotive
STMicroelectronics,STM-MCU08540,ARM Cortex-M3,480,32,4,2.0,"I2C, PWM, CAN, SPI, UART",11.52,0.256,76,3.3,BGA,2013,Automotive
Nordic Semiconductor,NOR-MCU08551,AVR 8-bit,200,64,1,4.0,"UART, USB",2.56,0.304,64,3.3,BGA,2007,Automotive
Microchip,MIC-MCU08559,MIPS32,120,128,16,8.0,"Ethernet, I2C",9.39,0.444,78,1.8,DIP,2008,Automotive
Espressif,ESP-MCU08562,ARM Cortex-M0,16,128,4,2.0,"SPI, UART",0.51,1.3,58,3.3,QFN,2009,Automotive
Espressif,ESP-MCU08564,ARM Cortex-M4,48,32,64,0.5,"CAN, Ethernet, PWM, I2C, SPI",5.33,1.017,61,3.3,TSSOP,2010,Automotive
Microchip,MIC-MCU08571,MIPS32,8,256,1,4.0,"I2C, UART, SPI, USB",2.63,0.789,90,1.8,DIP,2006,Automotive
Analog Devices,ANA-MCU08582,ARM Cortex-M7,8,128,128,4.0,"Ethernet, PWM",7.03,0.28,52,1.8,TSSOP,2019,Automotive
NXP,NXP-MCU08585,ARM Cortex-M3,48,256,8,1.0,"CAN, UART, PWM, USB",0.86,1.151,53,3.3,TSSOP,2012,Automotive
Espressif,ESP-MCU08588,8051,480,64,512,4.0,"Ethernet, UART, I2C, PWM, USB",5.26,0.022,59,3.3,DIP,2019,Automotive
Espressif,ESP-MCU08589,8051,200,2048,1,2.0,"CAN, I2C, Ethernet",6.98,0.109,53,1.8,LQFP,2018,Automotive
Microchip,MIC-MCU08590,MIPS32,120,128,8,0.0,"SPI, PWM",3.28,0.889,7,2.5,LQFP,2021,Automotive
Analog Devices,ANA-MCU08601,ARM Cortex-M7,480,2048,256,0.5,"I2C, Ethernet",7.46,1.483,87,5.0,DIP,2024,Automotive
Texas Instruments,TEX-MCU08610,AVR 8-bit,480,256,4,0.0,"PWM, UART",4.63,0.98,75,5.0,TSSOP,2005,Automotive
Nordic Semiconductor,NOR-MCU08611,ARM Cortex-M7,120,16,512,0.5,"Ethernet, I2C, CAN",10.16,1.237,19,3.3,BGA,2015,Automotive
Renesas,REN-MCU08621,ARM Cortex-M3,8,2048,2,0.5,"I2C, SPI, PWM, CAN, USB",3.18,0.666,33,5.0,SOIC,2009,Automotive
Renesas,REN-MCU08625,AVR 8-bit,200,256,64,1.0,"CAN, PWM, UART",8.39,1.174,44,5.0,BGA,2007,Automotive
Espressif,ESP-MCU08642,8051,168,512,2,0.0,"PWM, I2C",7.27,1.421,68,1.8,BGA,2023,Automotive
Microchip,MIC-MCU08654,ARM Cortex-M0,168,1024,8,0.5,"USB, I2C, SPI, Ethernet, UART",8.69,0.355,60,2.5,DIP,2016,Automotive
Infineon,INF-MCU08666,AVR 8-bit,120,64,32,2.0,"SPI, UART, PWM, Ethernet, USB",3.11,0.842,7,2.5,LQFP,2012,Automotive
NXP,NXP-MCU08673,ARM Cortex-M0,120,128,16,1.0,"USB, PWM",2.1,0.402,41,1.8,SOIC,2020,Automotive
Microchip,MIC-MCU08677,RISC-V,480,16,4,1.0,"CAN, PWM, SPI",9.72,1.069,92,3.3,TSSOP,2009,Automotive
Infineon,INF-MCU08688,ARM Cortex-M3,200,2048,1,0.0,"Ethernet, USB, SPI, I2C",3.0,0.312,78,5.0,LQFP,2022,Automotive
Infineon,INF-MCU08693,ARM Cortex-M7,72,1024,32,1.0,"PWM, UART",9.18,0.197,98,3.3,LQFP,2019,Automotive
Texas Instruments,TEX-MCU08697,RISC-V,16,256,512,8.0,"I2C, Ethernet, PWM, USB",3.44,1.434,75,2.5,BGA,2013,Automotive
Espressif,ESP-MCU08701,8051,168,32,16,4.0,"Ethernet, SPI",7.14,0.91,91,1.8,SOIC,2014,Automotive
Infineon,INF-MCU08702,ARM Cortex-M4,48,2048,1,0.5,"SPI, Ethernet, CAN",5.12,0.249,88,1.8,LQFP,2011,Automotive
Analog Devices,ANA-MCU08710,ARM Cortex-M7,72,128,512,8.0,"PWM, USB, UART, I2C, CAN",3.97,0.557,67,3.3,LQFP,2014,Automotive
Espressif,ESP-MCU08714,AVR 8-bit,72,512,512,0.5,"I2C, SPI, CAN, UART, Ethernet",2.36,1.374,36,2.5,QFN,2022,Automotive
NXP,NXP-MCU08716,ARM Cortex-M7,8,256,1,4.0,"I2C, Ethernet, CAN, UART",10.3,1.08,85,3.3,LQFP,2024,Automotive
Analog Devices,ANA-MCU08719,ARM Cortex-M7,240,512,2,1.0,"PWM, UART",7.89,0.135,74,3.3,QFN,2012,Automotive
Nordic Semiconductor,NOR-MCU08722,ARM Cortex-M3,120,1024,1,0.0,"CAN, PWM",4.09,1.244,26,2.5,TSSOP,2008,Automotive
Silicon Labs,SIL-MCU08723,MIPS32,32,512,1,0.5,"SPI, I2C, Ethernet, PWM",3.39,1.029,10,1.8,SOIC,2019,Automotive
Analog Devices,ANA-MCU08736,ARM Cortex-M3,240,128,64,8.0,"SPI, UART, I2C, Ethernet",4.42,0.96,17,1.8,DIP,2020,Automotive
Microchip,MIC-MCU08741,AVR 8-bit,16,2048,32,2.0,"USB, PWM",0.94,1.443,29,1.8,SOIC,2017,Automotive
Microchip,MIC-MCU08750,ARM Cortex-M7,480,512,4,2.0,"SPI, UART",5.46,0.037,68,2.5,DIP,2015,Automotive
STMicroelectronics,STM-MCU08758,ARM Cortex-M0,240,2048,256,4.0,"Ethernet, SPI",3.19,0.396,7,3.3,LQFP,2022,Automotive
STMicroelectronics,STM-MCU08782,ARM Cortex-M3,72,64,4,0.5,"UART, Ethernet, CAN, USB",6.38,1.067,17,3.3,QFN,2013,Automotive
Infineon,INF-MCU08785,MIPS32,16,16,512,2.0,"USB, SPI, UART",1.73,0.971,61,3.3,TSSOP,2008,Automotive
Renesas,REN-MCU08798,ARM Cortex-M3,120,64,2,0.0,"I2C, USB",11.14,0.052,39,2.5,SOIC,2007,Automotive
Renesas,REN-MCU08799,ARM Cortex-M0,32,64,1,0.0,"USB, I2C, UART, PWM",6.47,1.142,96,2.5,LQFP,2023,Automotive
Renesas,REN-MCU08803,MIPS32,120,1024,64,2.0,"UART, I2C, CAN",7.03,1.375,81,2.5,SOIC,2021,Automotive
Nordic Semiconductor,NOR-MCU08808,ARM Cortex-M4,48,256,16,0.0,"USB, Ethernet",3.43,1.378,33,5.0,SOIC,2018,Automotive
Texas Instruments,TEX-MCU08817,ARM Cortex-M3,480,512,512,8.0,"CAN, PWM, USB, Ethernet, UART",10.62,0.026,16,5.0,DIP,2009,Automotive
Nordic Semiconductor,NOR-MCU08824,MIPS32,240,128,256,4.0,"PWM, SPI, CAN, UART",11.98,0.767,72,5.0,QFN,2011,Automotive
Analog Devices,ANA-MCU08841,ARM Cortex-M3,120,128,8,2.0,"PWM, SPI, CAN, I2C",11.85,1.091,99,5.0,SOIC,2008,Automotive
Espressif,ESP-MCU08849,AVR 8-bit,200,128,64,8.0,"USB, SPI",8.03,0.831,67,1.8,BGA,2020,Automotive
Infineon,INF-MCU08858,ARM Cortex-M3,200,2048,32,8.0,"SPI, PWM, I2C, CAN",2.73,0.033,95,5.0,TSSOP,2017,Automotive
STMicroelectronics,STM-MCU08862,ARM Cortex-M4,72,64,1,0.5,"I2C, UART, PWM, Ethernet",4.38,1.187,45,2.5,TSSOP,2021,Automotive
NXP,NXP-MCU08875,RISC-V,480,2048,1,8.0,"Ethernet, CAN, SPI, I2C, PWM",9.23,0.196,89,1.8,SOIC,2022,Automotive
NXP,NXP-MCU08892,RISC-V,32,128,64,2.0,"SPI, USB, CAN",4.32,1.479,47,5.0,SOIC,2019,Automotive
NXP,NXP-MCU08896,RISC-V,240,64,512,1.0,"USB, I2C, Ethernet, SPI, UART",10.78,0.548,76,1.8,SOIC,2014,Automotive
Microchip,MIC-MCU08901,ARM Cortex-M3,168,16,4,8.0,"I2C, CAN, PWM, UART, Ethernet",9.74,0.224,84,3.3,DIP,2023,Automotive
Texas Instruments,TEX-MCU08909,8051,200,2048,16,8.0,"USB, UART",3.97,0.799,48,2.5,SOIC,2017,Automotive
Infineon,INF-MCU08922,ARM Cortex-M0,32,256,1,0.0,"SPI, Ethernet, USB, CAN, UART",6.38,1.453,76,5.0,DIP,2017,Automotive
Infineon,INF-MCU08927,RISC-V,200,128,32,0.5,"UART, Ethernet, I2C, SPI",2.67,0.304,20,1.8,BGA,2009,Automotive
Silicon Labs,SIL-MCU08954,ARM Cortex-M3,480,256,64,0.5,"PWM, CAN, USB, UART, Ethernet",8.47,1.042,47,3.3,LQFP,2008,Automotive
Renesas,REN-MCU08968,ARM Cortex-M4,480,256,32,0.0,"Ethernet, PWM, I2C",3.8,1.313,7,2.5,TSSOP,2008,Automotive
Nordic Semiconductor,NOR-MCU08974,ARM Cortex-M4,168,2048,1,0.0,"PWM, UART, USB",1.65,1.395,6,1.8,SOIC,2018,Automotive
Microchip,MIC-MCU08982,ARM Cortex-M3,32,16,1,0.0,"CAN, USB",7.46,1.5,38,2.5,DIP,2016,Automotive
STMicroelectronics,STM-MCU08996,ARM Cortex-M7,200,64,8,2.0,"I2C, CAN, Ethernet",4.07,0.948,64,1.8,TSSOP,2017,Automotive
Texas Instruments,TEX-MCU08998,ARM Cortex-M7,72,512,64,1.0,"UART, PWM",8.28,1.218,50,5.0,BGA,2022,Automotive
Infineon,INF-MCU09003,ARM Cortex-M3,200,128,64,0.5,"I2C, USB, SPI",11.44,1.28,84,1.8,TSSOP,2020,Automotive
Microchip,MIC-MCU09012,ARM Cortex-M4,240,1024,256,1.0,"SPI, Ethernet, PWM",6.89,0.127,80,2.5,BGA,2020,Automotive
Infineon,INF-MCU09013,AVR 8-bit,72,32,128,2.0,"PWM, Ethernet, USB",6.04,0.038,88,3.3,DIP,2016,Automotive
Analog Devices,ANA-MCU09021,ARM Cortex-M0,200,128,512,8.0,"UART, SPI, CAN",4.88,0.541,44,2.5,DIP,2022,Automotive
Analog Devices,ANA-MCU09023,ARM Cortex-M4,16,128,16,0.5,"PWM, Ethernet, UART, USB",2.43,0.497,90,3.3,DIP,2014,Automotive
Infineon,INF-MCU09026,ARM Cortex-M3,16,32,16,1.0,"UART, PWM, USB",2.24,1.377,41,1.8,SOIC,2018,Automotive
Silicon Labs,SIL-MCU09038,MIPS32,480,1024,128,8.0,"SPI, Ethernet, UART, I2C, PWM",3.23,0.951,12,5.0,LQFP,2023,Automotive
Espressif,ESP-MCU09040,MIPS32,168,128,8,1.0,"I2C, UART, CAN, SPI",3.93,0.858,34,2.5,DIP,2006,Automotive
Microchip,MIC-MCU09041,ARM Cortex-M3,120,2048,32,0.5,"USB, PWM, CAN",10.03,1.095,99,5.0,QFN,2021,Automotive
Infineon,INF-MCU09054,ARM Cortex-M0,200,32,512,0.0,"I2C, USB, SPI",4.14,0.497,32,1.8,LQFP,2020,Automotive
Espressif,ESP-MCU09055,AVR 8-bit,240,512,16,1.0,"I2C, Ethernet, SPI, PWM",4.83,0.68,93,2.5,SOIC,2019,Automotive
STMicroelectronics,STM-MCU09058,ARM Cortex-M3,8,32,32,1.0,"I2C, PWM",6.5,1.143,23,3.3,TSSOP,2008,Automotive
Microchip,MIC-MCU09061,ARM Cortex-M4,120,512,32,4.0,"CAN, SPI, USB",4.82,0.79,56,3.3,SOIC,2015,Automotive
Espressif,ESP-MCU09062,ARM Cortex-M0,168,16,512,0.0,"PWM, Ethernet, SPI, I2C",9.67,0.824,11,2.5,TSSOP,2012,Automotive
Renesas,REN-MCU09066,8051,48,128,64,4.0,"I2C, Ethernet, SPI",4.15,0.355,13,5.0,BGA,2008,Automotive
Espressif,ESP-MCU09070,ARM Cortex-M7,200,32,512,8.0,"PWM, Ethernet, SPI",4.74,0.748,92,3.3,SOIC,2022,Automotive
Microchip,MIC-MCU09078,MIPS32,72,128,512,0.5,"USB, SPI, I2C, UART",7.51,0.133,99,1.8,SOIC,2006,Automotive
Microchip,MIC-MCU09085,RISC-V,48,512,1,1.0,"SPI, USB, PWM",8.28,0.052,30,3.3,LQFP,2021,Automotive
Silicon Labs,SIL-MCU09091,ARM Cortex-M4,48,64,8,0.0,"USB, CAN, SPI, PWM",4.69,1.21,73,2.5,QFN,2017,Automotive
Renesas,REN-MCU09095,ARM Cortex-M7,32,128,32,0.0,"SPI, UART, CAN, USB, I2C",1.77,1.154,99,1.8,TSSOP,2014,Automotive
STMicroelectronics,STM-MCU09097,ARM Cortex-M7,72,32,32,4.0,"UART, I2C",0.96,0.029,91,2.5,TSSOP,2012,Automotive
Nordic Semiconductor,NOR-MCU09101,ARM Cortex-M4,200,32,128,0.5,"CAN, Ethernet",5.67,1.306,57,1.8,LQFP,2022,Automotive
Silicon Labs,SIL-MCU09104,ARM Cortex-M7,120,128,64,0.5,"Ethernet, I2C",8.51,1.468,63,5.0,QFN,2014,Automotive
NXP,NXP-MCU09105,AVR 8-bit,16,32,128,0.0,"UART, Ethernet, PWM, SPI",1.58,0.09,14,1.8,BGA,2017,Automotive
Texas Instruments,TEX-MCU09138,MIPS32,72,512,4,8.0,"SPI, Ethernet",11.63,0.96,34,1.8,BGA,2014,Automotive
Silicon Labs,SIL-MCU09155,8051,480,1024,1,0.5,"SPI, UART, PWM",6.82,0.077,15,5.0,SOIC,2018,Automotive
Microchip,MIC-MCU09157,ARM Cortex-M0,32,64,512,0.0,"PWM, SPI, USB, UART, CAN",4.87,0.641,78,5.0,QFN,2014,Automotive
STMicroelectronics,STM-MCU09167,ARM Cortex-M7,120,1024,512,1.0,"PWM, CAN, UART",10.74,0.516,40,2.5,DIP,2014,Automotive
Infineon,INF-MCU09168,ARM Cortex-M4,32,64,32,1.0,"UART, Ethernet",9.36,0.576,61,3.3,LQFP,2013,Automotive
Espressif,ESP-MCU09169,AVR 8-bit,16,2048,32,0.5,"UART, CAN, Ethernet, PWM, SPI",9.44,0.951,67,3.3,TSSOP,2018,Automotive
Silicon Labs,SIL-MCU09172,ARM Cortex-M0,168,1024,32,0.5,"UART, USB, SPI, Ethernet",6.5,0.305,25,3.3,QFN,2017,Automotive
Infineon,INF-MCU09176,RISC-V,480,32,4,1.0,"PWM, CAN, USB, I2C, Ethernet",9.89,0.992,95,3.3,TSSOP,2014,Automotive
Renesas,REN-MCU09177,8051,48,64,2,1.0,"USB, SPI, PWM, Ethernet",7.21,0.507,86,2.5,TSSOP,2020,Automotive
NXP,NXP-MCU09183,ARM Cortex-M3,168,256,8,8.0,"Ethernet, I2C, PWM, USB",10.67,1.186,95,5.0,LQFP,2005,Automotive
Silicon Labs,SIL-MCU09187,RISC-V,72,256,1,8.0,"PWM, USB, UART",10.8,1.068,96,2.5,TSSOP,2009,Automotive
Analog Devices,ANA-MCU09192,ARM Cortex-M0,32,128,512,0.0,"Ethernet, I2C, USB, CAN, UART",7.23,0.644,23,2.5,DIP,2015,Automotive
Microchip,MIC-MCU09201,ARM Cortex-M4,200,512,1,8.0,"SPI, Ethernet, USB, I2C",8.21,0.864,47,2.5,DIP,2024,Automotive
Infineon,INF-MCU09203,ARM Cortex-M0,120,2048,1,0.5,"Ethernet, SPI, UART, I2C, CAN",9.85,1.37,58,1.8,QFN,2010,Automotive
Renesas,REN-MCU09207,8051,120,32,4,2.0,"PWM, CAN, I2C",5.76,1.461,83,2.5,DIP,2008,Automotive
STMicroelectronics,STM-MCU09218,ARM Cortex-M3,120,1024,8,1.0,"Ethernet, SPI, CAN",5.97,0.503,49,1.8,LQFP,2013,Automotive
Espressif,ESP-MCU09232,AVR 8-bit,8,128,256,1.0,"I2C, Ethernet, SPI",1.84,1.475,72,5.0,DIP,2017,Automotive
STMicroelectronics,STM-MCU09233,MIPS32,72,256,64,4.0,"SPI, UART",10.79,0.87,83,2.5,SOIC,2024,Automotive
Infineon,INF-MCU09243,ARM Cortex-M3,8,512,256,8.0,"USB, SPI, PWM, UART, CAN",8.86,0.183,60,1.8,TSSOP,2019,Automotive
Microchip,MIC-MCU09244,ARM Cortex-M3,48,512,256,1.0,"Ethernet, UART",11.5,0.455,26,1.8,TSSOP,2011,Automotive
Infineon,INF-MCU09257,ARM Cortex-M0,480,512,64,0.5,"UART, PWM, CAN, Ethernet",2.31,0.981,98,5.0,QFN,2011,Automotive
Renesas,REN-MCU09265,8051,8,1024,128,1.0,"UART, USB, Ethernet, CAN, SPI",10.16,0.652,11,1.8,QFN,2006,Automotive
Nordic Semiconductor,NOR-MCU09271,ARM Cortex-M3,240,16,16,1.0,"UART, SPI",4.21,0.279,70,1.8,DIP,2011,Automotive
Texas Instruments,TEX-MCU09281,ARM Cortex-M7,200,256,2,0.0,"CAN, USB, I2C, Ethernet, PWM",11.51,0.941,63,3.3,SOIC,2006,Automotive
Texas Instruments,TEX-MCU09282,ARM Cortex-M4,480,2048,2,0.0,"UART, SPI, Ethernet, I2C",3.24,1.175,66,1.8,QFN,2018,Automotive
STMicroelectronics,STM-MCU09288,MIPS32,240,1024,8,2.0,"USB, UART, CAN, PWM",3.91,0.774,24,2.5,BGA,2021,Automotive
NXP,NXP-MCU09298,8051,48,32,128,1.0,"PWM, Ethernet, SPI, CAN, UART",11.64,0.919,94,1.8,LQFP,2022,Automotive
Infineon,INF-MCU09301,ARM Cortex-M7,8,512,256,4.0,"UART, SPI",2.89,0.346,10,2.5,LQFP,2022,Automotive
NXP,NXP-MCU09308,ARM Cortex-M4,16,32,256,1.0,"UART, PWM, CAN, I2C",4.32,0.712,49,3.3,QFN,2015,Automotive
Microchip,MIC-MCU09329,ARM Cortex-M4,32,128,2,4.0,"SPI, CAN, Ethernet, PWM, UART",10.34,0.581,52,5.0,QFN,2023,Automotive
Espressif,ESP-MCU09331,AVR 8-bit,200,64,512,0.5,"CAN, UART, USB",6.39,1.387,70,1.8,SOIC,2010,Automotive
Analog Devices,ANA-MCU09333,MIPS32,8,1024,1,4.0,"Ethernet, CAN",2.88,0.569,13,5.0,QFN,2014,Automotive
Infineon,INF-MCU09337,MIPS32,480,32,256,0.5,"CAN, I2C, PWM",4.62,0.632,20,5.0,BGA,2020,Automotive
Analog Devices,ANA-MCU09344,RISC-V,32,64,128,2.0,"CAN, USB, UART, PWM",8.76,0.917,30,5.0,BGA,2012,Automotive
STMicroelectronics,STM-MCU09347,8051,240,128,512,1.0,"USB, Ethernet, I2C, PWM",0.76,0.703,14,1.8,SOIC,2022,Automotive
Infineon,INF-MCU09353,AVR 8-bit,48,512,32,4.0,"CAN, I2C, UART",4.65,0.895,38,3.3,SOIC,2024,Automotive
Analog Devices,ANA-MCU09354,ARM Cortex-M3,168,1024,8,4.0,"CAN, Ethernet, USB, SPI",2.69,0.714,13,1.8,DIP,2011,Automotive
STMicroelectronics,STM-MCU09357,ARM Cortex-M0,168,1024,8,0.0,"UART, USB",6.3,1.104,79,2.5,LQFP,2018,Automotive
Espressif,ESP-MCU09360,8051,240,16,512,0.0,"I2C, USB, UART, CAN, PWM",5.41,0.892,41,2.5,DIP,2007,Automotive
Silicon Labs,SIL-MCU09367,ARM Cortex-M3,32,256,256,0.5,"CAN, UART, USB, PWM",10.22,0.254,53,3.3,BGA,2009,Automotive
Silicon Labs,SIL-MCU09374,ARM Cortex-M7,72,1024,64,1.0,"I2C, Ethernet, UART",1.49,1.13,81,3.3,LQFP,2005,Automotive
Renesas,REN-MCU09392,ARM Cortex-M3,168,1024,256,0.0,"USB, PWM, CAN, I2C, Ethernet",11.1,0.321,63,1.8,TSSOP,2022,Automotive
Texas Instruments,TEX-MCU09393,MIPS32,240,512,16,0.5,"CAN, UART, SPI",3.63,0.434,83,1.8,TSSOP,2024,Automotive
Nordic Semiconductor,NOR-MCU09395,8051,72,512,1,0.0,"CAN, UART, I2C",7.44,0.152,21,5.0,BGA,2016,Automotive
Renesas,REN-MCU09432,ARM Cortex-M0,480,1024,2,1.0,"USB, Ethernet, I2C",11.95,1.396,86,5.0,LQFP,2015,Automotive
Analog Devices,ANA-MCU09440,ARM Cortex-M3,120,2048,4,0.5,"PWM, CAN, SPI, USB, I2C",9.71,1.195,18,1.8,QFN,2014,Automotive
Analog Devices,ANA-MCU09446,ARM Cortex-M7,480,2048,512,2.0,"Ethernet, UART, CAN, I2C, SPI",10.47,1.218,15,1.8,DIP,2021,Automotive
Espressif,ESP-MCU09454,ARM Cortex-M7,240,512,1,2.0,"CAN, PWM, USB",1.42,0.359,54,3.3,QFN,2014,Automotive
Texas Instruments,TEX-MCU09460,RISC-V,48,32,128,0.0,"I2C, USB, SPI, PWM",2.84,0.053,6,5.0,BGA,2010,Automotive
NXP,NXP-MCU09464,AVR 8-bit,48,32,16,1.0,"UART, I2C, Ethernet",2.97,1.335,68,1.8,DIP,2024,Automotive
STMicroelectronics,STM-MCU09479,AVR 8-bit,8,16,16,0.0,"UART, SPI, I2C, USB, Ethernet",6.77,0.417,39,2.5,LQFP,2012,Automotive
Analog Devices,ANA-MCU09481,RISC-V,72,256,64,0.0,"I2C, PWM",1.43,0.962,89,1.8,BGA,2013,Automotive
Microchip,MIC-MCU09485,ARM Cortex-M0,8,256,32,1.0,"I2C, SPI, CAN, UART",7.47,1.46,62,1.8,SOIC,2017,Automotive
Silicon Labs,SIL-MCU09487,8051,480,512,32,0.0,"USB, I2C, Ethernet, UART",6.31,0.958,47,5.0,LQFP,2005,Automotive
Espressif,ESP-MCU09488,MIPS32,200,256,64,1.0,"USB, SPI, PWM, CAN, I2C",1.37,1.312,47,5.0,SOIC,2019,Automotive
Texas Instruments,TEX-MCU09494,ARM Cortex-M3,8,16,2,2.0,"PWM, USB, I2C, CAN, Ethernet",8.45,0.339,59,1.8,BGA,2015,Automotive
STMicroelectronics,STM-MCU09499,ARM Cortex-M0,48,128,32,1.0,"SPI, Ethernet, USB",10.66,0.491,55,1.8,BGA,2014,Automotive
Espressif,ESP-MCU09501,AVR 8-bit,480,1024,32,0.5,"PWM, SPI",1.7,0.963,39,2.5,BGA,2018,Automotive
Espressif,ESP-MCU09503,ARM Cortex-M0,120,16,1,0.0,"PWM, USB",9.3,0.177,67,5.0,DIP,2016,Automotive
STMicroelectronics,STM-MCU09509,MIPS32,200,512,64,4.0,"UART, I2C, USB, CAN, PWM",7.06,0.538,28,2.5,TSSOP,2012,Automotive
NXP,NXP-MCU09513,MIPS32,200,16,256,8.0,"PWM, I2C, Ethernet, CAN",4.35,0.308,74,3.3,TSSOP,2024,Automotive
Microchip,MIC-MCU09514,RISC-V,72,2048,8,2.0,"UART, I2C, SPI, USB, PWM",0.82,0.406,95,2.5,TSSOP,2019,Automotive
Renesas,REN-MCU09527,ARM Cortex-M7,48,2048,1,2.0,"Ethernet, PWM, SPI, UART",6.3,0.224,83,3.3,SOIC,2007,Automotive
Analog Devices,ANA-MCU09529,RISC-V,8,2048,1,4.0,"SPI, I2C, UART",7.44,0.791,83,3.3,LQFP,2005,Automotive
Analog Devices,ANA-MCU09544,8051,48,1024,128,4.0,"USB, PWM",10.01,1.476,7,3.3,LQFP,2020,Automotive
Silicon Labs,SIL-MCU09548,8051,72,16,2,1.0,"Ethernet, UART, CAN",4.55,0.486,82,1.8,QFN,2017,Automotive
Espressif,ESP-MCU09554,ARM Cortex-M4,48,64,128,8.0,"UART, USB, Ethernet, I2C, SPI",4.95,1.176,63,2.5,TSSOP,2021,Automotive
Silicon Labs,SIL-MCU09565,MIPS32,8,128,1,4.0,"UART, SPI",4.31,1.161,21,5.0,TSSOP,2010,Automotive
Analog Devices,ANA-MCU09567,AVR 8-bit,120,2048,256,0.0,"CAN, I2C, UART, Ethernet, PWM",2.21,0.603,33,3.3,SOIC,2008,Automotive
Espressif,ESP-MCU09571,ARM Cortex-M3,16,64,1,4.0,"I2C, CAN, SPI, UART",4.85,1.396,67,1.8,LQFP,2024,Automotive
Nordic Semiconductor,NOR-MCU09572,8051,48,64,128,8.0,"PWM, USB",1.6,1.281,6,3.3,LQFP,2010,Automotive
Analog Devices,ANA-MCU09574,RISC-V,16,32,2,2.0,"UART, Ethernet, SPI",3.34,0.803,53,5.0,SOIC,2020,Automotive
Nordic Semiconductor,NOR-MCU09579,8051,16,1024,64,4.0,"PWM, Ethernet, UART, SPI, USB",3.45,1.132,58,1.8,SOIC,2016,Automotive
Analog Devices,ANA-MCU09594,ARM Cortex-M7,32,64,512,1.0,"Ethernet, CAN, PWM",2.63,0.849,98,5.0,BGA,2006,Automotive
Silicon Labs,SIL-MCU09599,ARM Cortex-M0,120,64,512,4.0,"Ethernet, USB, SPI, CAN, UART",10.43,0.659,84,3.3,SOIC,2017,Automotive
Infineon,INF-MCU09607,MIPS32,120,16,4,0.0,"CAN, PWM, UART",9.99,0.605,76,1.8,TSSOP,2017,Automotive
Espressif,ESP-MCU09608,RISC-V,48,64,2,0.0,"CAN, UART, Ethernet, PWM",6.56,1.252,84,2.5,DIP,2022,Automotive
NXP,NXP-MCU09610,AVR 8-bit,32,2048,1,4.0,"CAN, SPI, USB",0.62,0.637,24,5.0,QFN,2010,Automotive
Infineon,INF-MCU09618,MIPS32,480,1024,32,0.5,"UART, USB, Ethernet",2.33,0.673,59,3.3,TSSOP,2010,Automotive
Espressif,ESP-MCU09624,AVR 8-bit,168,512,16,2.0,"I2C, USB, PWM, UART, Ethernet",1.8,0.787,67,3.3,QFN,2011,Automotive
Renesas,REN-MCU09637,AVR 8-bit,8,512,128,8.0,"Ethernet, SPI, CAN, PWM",10.78,0.274,72,3.3,TSSOP,2022,Automotive
Espressif,ESP-MCU09640,AVR 8-bit,480,512,512,2.0,"UART, SPI, USB",11.38,0.653,23,2.5,TSSOP,2017,Automotive
Analog Devices,ANA-MCU09647,ARM Cortex-M4,72,2048,8,4.0,"USB, Ethernet, CAN",8.58,0.824,41,3.3,DIP,2013,Automotive
NXP,NXP-MCU09652,RISC-V,200,512,16,2.0,"CAN, Ethernet, I2C, PWM",1.93,1.01,34,1.8,DIP,2010,Automotive
NXP,NXP-MCU09658,RISC-V,32,128,64,0.5,"Ethernet, I2C",2.3,0.635,79,1.8,SOIC,2006,Automotive
Infineon,INF-MCU09664,ARM Cortex-M4,480,256,2,8.0,"CAN, SPI, PWM",7.41,0.123,89,1.8,SOIC,2015,Automotive
Analog Devices,ANA-MCU09665,MIPS32,480,64,128,4.0,"UART, USB, PWM, I2C",6.6,0.014,61,1.8,TSSOP,2015,Automotive
STMicroelectronics,STM-MCU09666,ARM Cortex-M0,480,128,16,1.0,"USB, UART, I2C, Ethernet, CAN",7.22,1.083,33,5.0,DIP,2015,Automotive
Texas Instruments,TEX-MCU09673,RISC-V,200,64,1,1.0,"UART, USB, SPI, CAN",1.01,0.903,23,5.0,TSSOP,2005,Automotive
STMicroelectronics,STM-MCU09683,ARM Cortex-M4,120,256,4,1.0,"USB, CAN, UART, I2C, PWM",6.93,0.979,65,5.0,SOIC,2023,Automotive
Infineon,INF-MCU09684,ARM Cortex-M7,480,512,512,4.0,"Ethernet, CAN, PWM, USB",10.2,0.509,79,3.3,TSSOP,2021,Automotive
Microchip,MIC-MCU09691,ARM Cortex-M4,32,2048,2,2.0,"I2C, CAN, PWM, Ethernet, UART",6.4,0.654,68,2.5,LQFP,2012,Automotive
NXP,NXP-MCU09693,ARM Cortex-M0,200,32,4,2.0,"USB, UART",3.15,1.26,33,3.3,LQFP,2020,Automotive
Analog Devices,ANA-MCU09712,MIPS32,200,32,4,0.5,"Ethernet, PWM, USB",11.15,0.695,63,1.8,QFN,2009,Automotive
Silicon Labs,SIL-MCU09714,ARM Cortex-M4,240,16,2,0.0,"I2C, Ethernet, USB, UART, PWM",6.68,0.616,53,5.0,DIP,2014,Automotive
NXP,NXP-MCU09715,MIPS32,200,512,16,4.0,"I2C, USB, PWM, CAN",5.46,0.693,17,2.5,QFN,2007,Automotive
Silicon Labs,SIL-MCU09717,ARM Cortex-M3,16,256,16,4.0,"UART, CAN, SPI, PWM, Ethernet",5.38,1.276,24,5.0,SOIC,2014,Automotive
NXP,NXP-MCU09720,ARM Cortex-M7,16,2048,8,4.0,"UART, I2C, SPI, CAN",8.61,0.189,84,1.8,TSSOP,2008,Automotive
Silicon Labs,SIL-MCU09724,RISC-V,200,1024,8,0.0,"I2C, Ethernet, UART, USB",10.37,0.781,49,5.0,DIP,2011,Automotive
Infineon,INF-MCU09732,ARM Cortex-M4,168,16,1,0.5,"USB, CAN, SPI, Ethernet, PWM",2.92,1.446,10,3.3,DIP,2024,Automotive
Analog Devices,ANA-MCU09735,ARM Cortex-M0,200,512,8,4.0,"PWM, SPI, I2C, USB",0.94,1.036,23,5.0,BGA,2014,Automotive
Analog Devices,ANA-MCU09741,8051,120,512,16,2.0,"I2C, UART, CAN",11.55,1.129,69,1.8,BGA,2015,Automotive
Renesas,REN-MCU09748,AVR 8-bit,48,512,4,4.0,"Ethernet, USB",2.88,1.392,24,1.8,LQFP,2010,Automotive
Nordic Semiconductor,NOR-MCU09756,RISC-V,240,128,8,0.5,"CAN, I2C, Ethernet, UART",7.97,0.014,81,1.8,QFN,2021,Automotive
Nordic Semiconductor,NOR-MCU09762,RISC-V,240,16,1,0.0,"USB, CAN",6.9,0.638,45,1.8,LQFP,2021,Automotive
Renesas,REN-MCU09763,RISC-V,32,64,16,2.0,"UART, USB",1.65,1.254,38,2.5,LQFP,2016,Automotive
STMicroelectronics,STM-MCU09769,MIPS32,480,512,256,1.0,"UART, I2C, SPI",7.72,1.033,57,5.0,SOIC,2018,Automotive
Silicon Labs,SIL-MCU09776,ARM Cortex-M0,16,512,64,0.5,"SPI, I2C, CAN",7.25,0.66,39,3.3,QFN,2016,Automotive
Microchip,MIC-MCU09781,ARM Cortex-M0,8,256,16,4.0,"PWM, CAN",7.26,0.622,32,2.5,LQFP,2017,Automotive
Infineon,INF-MCU09789,ARM Cortex-M3,240,64,32,1.0,"Ethernet, USB, I2C",8.9,1.326,56,5.0,BGA,2008,Automotive
Texas Instruments,TEX-MCU09791,MIPS32,168,512,64,0.5,"PWM, UART, Ethernet, USB, I2C",3.05,0.531,28,1.8,QFN,2018,Automotive
Analog Devices,ANA-MCU09796,ARM Cortex-M4,240,16,8,2.0,"PWM, UART, SPI",1.33,0.758,75,5.0,LQFP,2009,Automotive
NXP,NXP-MCU09799,ARM Cortex-M4,8,32,32,0.0,"PWM, CAN",8.71,1.147,55,5.0,LQFP,2015,Automotive
STMicroelectronics,STM-MCU09802,ARM Cortex-M0,480,512,2,1.0,"PWM, CAN",3.02,0.806,59,5.0,BGA,2019,Automotive
Analog Devices,ANA-MCU09803,ARM Cortex-M0,480,64,1,0.0,"CAN, SPI, I2C",2.12,1.256,84,1.8,SOIC,2005,Automotive
Texas Instruments,TEX-MCU09804,ARM Cortex-M0,48,64,512,0.5,"SPI, Ethernet, PWM, I2C",4.67,1.075,68,5.0,DIP,2017,Automotive
Espressif,ESP-MCU09807,ARM Cortex-M4,32,512,512,0.0,"UART, Ethernet, SPI, USB",8.81,1.094,50,1.8,BGA,2021,Automotive
Texas Instruments,TEX-MCU09825,AVR 8-bit,240,1024,32,2.0,"USB, UART",10.62,0.573,88,5.0,SOIC,2010,Automotive
Renesas,REN-MCU09828,RISC-V,32,128,256,4.0,"PWM, USB, Ethernet, SPI, I2C",7.44,0.222,76,5.0,TSSOP,2019,Automotive
Infineon,INF-MCU09830,8051,200,2048,128,0.5,"I2C, CAN, PWM, UART, USB",5.8,0.899,15,1.8,DIP,2006,Automotive
Infineon,INF-MCU09831,ARM Cortex-M0,32,64,32,4.0,"Ethernet, CAN, UART",11.56,1.24,74,5.0,BGA,2019,Automotive
Infineon,INF-MCU09834,ARM Cortex-M7,32,512,2,0.5,"Ethernet, I2C, SPI, CAN",0.74,1.22,30,3.3,DIP,2006,Automotive
Texas Instruments,TEX-MCU09836,AVR 8-bit,240,512,2,1.0,"Ethernet, PWM, UART",4.58,1.209,89,1.8,DIP,2016,Automotive
Renesas,REN-MCU09856,ARM Cortex-M7,72,1024,256,2.0,"UART, SPI",9.39,1.251,40,5.0,SOIC,2021,Automotive
Renesas,REN-MCU09860,8051,48,1024,128,2.0,"Ethernet, CAN, UART, PWM, I2C",2.44,0.063,95,5.0,TSSOP,2010,Automotive
Texas Instruments,TEX-MCU09869,ARM Cortex-M0,200,128,4,4.0,"SPI, UART",7.02,0.431,25,1.8,TSSOP,2017,Automotive
Espressif,ESP-MCU09874,MIPS32,48,1024,4,0.5,"CAN, PWM, UART, SPI, Ethernet",11.77,0.076,59,5.0,DIP,2011,Automotive
Nordic Semiconductor,NOR-MCU09876,ARM Cortex-M3,72,32,32,1.0,"PWM, UART, SPI, USB, I2C",3.34,0.146,15,1.8,SOIC,2012,Automotive
STMicroelectronics,STM-MCU09877,ARM Cortex-M7,168,256,8,8.0,"UART, I2C, Ethernet, USB",3.46,0.747,64,3.3,TSSOP,2017,Automotive
NXP,NXP-MCU09884,RISC-V,240,128,128,0.5,"SPI, UART, CAN, PWM",10.85,1.141,72,1.8,DIP,2010,Automotive
Analog Devices,ANA-MCU09887,ARM Cortex-M7,72,2048,32,8.0,"PWM, Ethernet, USB, SPI",1.14,0.755,95,3.3,QFN,2006,Automotive
Analog Devices,ANA-MCU09888,8051,32,16,256,1.0,"SPI, CAN",0.96,1.114,12,1.8,QFN,2023,Automotive
NXP,NXP-MCU09892,ARM Cortex-M3,32,128,16,0.5,"I2C, Ethernet, SPI, UART, PWM",11.7,0.781,73,3.3,SOIC,2018,Automotive
Infineon,INF-MCU09893,MIPS32,168,128,4,0.0,"PWM, UART, USB, CAN",6.34,1.375,18,2.5,LQFP,2019,Automotive
NXP,NXP-MCU09899,MIPS32,48,512,256,0.0,"Ethernet, USB, I2C, CAN, SPI",4.11,0.92,21,3.3,SOIC,2010,Automotive
Silicon Labs,SIL-MCU09912,AVR 8-bit,48,16,256,1.0,"USB, I2C, UART, Ethernet, CAN",7.11,0.291,69,3.3,QFN,2018,Automotive
Renesas,REN-MCU09914,AVR 8-bit,200,1024,4,1.0,"PWM, CAN, Ethernet, SPI, I2C",5.07,1.321,71,5.0,DIP,2010,Automotive
Nordic Semiconductor,NOR-MCU09919,ARM Cortex-M7,200,256,128,1.0,"SPI, UART, PWM, Ethernet",8.07,0.349,73,3.3,QFN,2017,Automotive
Nordic Semiconductor,NOR-MCU09920,MIPS32,72,16,1,0.0,"I2C, UART",6.66,0.994,58,2.5,QFN,2018,Automotive
Infineon,INF-MCU09925,ARM Cortex-M4,120,256,512,0.5,"I2C, CAN, USB",6.98,1.114,36,5.0,BGA,2022,Automotive
Renesas,REN-MCU09936,8051,120,32,256,4.0,"I2C, SPI, PWM, CAN",7.23,1.126,55,1.8,QFN,2022,Automotive
Silicon Labs,SIL-MCU09940,ARM Cortex-M0,16,128,64,8.0,"I2C, USB",6.93,0.824,21,3.3,DIP,2012,Automotive
Infineon,INF-MCU09951,8051,32,32,128,2.0,"SPI, Ethernet, PWM",0.93,1.201,43,5.0,SOIC,2012,Automotive
NXP,NXP-MCU09959,RISC-V,32,64,4,4.0,"I2C, USB",10.39,0.16,54,1.8,TSSOP,2014,Automotive
Espressif,ESP-MCU09962,ARM Cortex-M0,480,256,8,1.0,"SPI, Ethernet",4.58,0.725,18,3.3,DIP,2011,Automotive
NXP,NXP-MCU09966,RISC-V,8,256,32,8.0,"CAN, UART",6.02,1.459,91,1.8,DIP,2011,Automotive
Infineon,INF-MCU09967,ARM Cortex-M4,480,128,16,1.0,"SPI, Ethernet, CAN, PWM",0.71,0.01,61,3.3,LQFP,2012,Automotive
Silicon Labs,SIL-MCU09969,AVR 8-bit,16,64,32,4.0,"SPI, PWM, Ethernet",9.62,1.363,91,1.8,SOIC,2011,Automotive
Renesas,REN-MCU09972,ARM Cortex-M7,32,32,2,1.0,"USB, UART, SPI",2.02,1.405,67,5.0,QFN,2013,Automotive
Analog Devices,ANA-MCU09973,ARM Cortex-M4,48,2048,4,1.0,"I2C, Ethernet, SPI, PWM, CAN",11.24,0.47,64,5.0,BGA,2013,Automotive
NXP,NXP-MCU09981,ARM Cortex-M3,32,2048,16,0.5,"CAN, USB, SPI, PWM, I2C",9.9,0.987,84,3.3,DIP,2019,Automotive
